InvoiceNo,InvoiceDate,PONo,GRNNo,VendorCode,VendorName,Vertical,InvoiceAmount,TaxAmount,TotalAmount,PaymentDueDate,PaymentStatus,PaymentDate,DeptCode,ProjectCode
INV-60001,2026-03-18,PO-40001,GRN-50001,V-1010,Century Plyboards,Carpentry,1469.5,264.51,1734.01,2026-05-02,Paid,2026-05-03,DEP-03,PRJ-103
INV-60002,2026-04-17,PO-40002,GRN-50002,V-1033,Vikram Solar,Solar Panels,12631933.84,2273748.09,14905681.93,2026-05-17,Paid,2026-05-23,DEP-03,PRJ-103
INV-60003,2026-01-28,PO-40003,GRN-50003,V-1053,Prince Pipes,Plumbing Materials,4502.94,810.53,5313.47,2026-02-12,Overdue,,DEP-06,PRJ-106
INV-60004,2025-10-19,PO-40004,GRN-50004,V-1008,KEI Industries,Electrical,18196.51,3275.37,21471.88,2025-11-18,Paid,2025-11-19,DEP-03,PRJ-103
INV-60005,2025-10-19,PO-40004,GRN-50005,V-1008,KEI Industries,Electrical,19712.89,3548.32,23261.21,2025-11-18,Paid,2025-11-13,DEP-03,PRJ-103
INV-60006,2026-06-08,PO-40005,GRN-50006,V-1033,Vikram Solar,Solar Panels,47695.58,8585.2,56280.78,2026-07-08,Paid,2026-07-08,DEP-01,PRJ-101
INV-60007,2026-05-23,PO-40006,GRN-50007,V-1041,Amara Raja Batteries (Amaron),Batteries,21606.41,3889.15,25495.56,2026-06-22,Paid,2026-07-06,DEP-04,PRJ-104
INV-60008,2026-05-22,PO-40007,GRN-50008,V-1006,Legrand India,Electrical,27630.33,4973.46,32603.79,2026-07-06,Paid,2026-07-07,DEP-02,PRJ-102
INV-60009,2026-08-12,PO-40008,GRN-50009,V-1011,Greenply Industries,Carpentry,2673.25,481.18,3154.43,2026-10-11,Paid,2026-10-08,DEP-04,PRJ-104
INV-60010,2026-03-17,PO-40009,GRN-50010,V-1009,Orient Electric,Electrical,5531.03,995.59,6526.62,2026-04-01,Paid,2026-04-10,DEP-02,PRJ-102
INV-60011,2026-01-12,PO-40010,GRN-50011,V-1036,Emmvee Solar,Solar Panels,3242.23,583.6,3825.83,2026-02-26,Paid,2026-03-04,DEP-06,PRJ-106
INV-60012,2026-03-27,PO-40011,GRN-50012,V-1016,Merino Laminates,Carpentry,13713.81,2468.49,16182.3,2026-04-11,Paid,2026-04-12,DEP-04,PRJ-104
INV-60013,2025-09-29,PO-40012,GRN-50013,V-1053,Prince Pipes,Plumbing Materials,6745.14,1214.13,7959.27,2025-10-14,Pending,,DEP-01,PRJ-101
INV-60014,2026-08-07,PO-40013,GRN-50014,V-1011,Greenply Industries,Carpentry,39074.83,7033.47,46108.3,2026-10-06,Paid,2026-10-03,DEP-06,PRJ-106
INV-60015,2026-08-20,PO-40014,GRN-50015,V-1024,JK Cement,Road Construction Materials,121699.76,21905.96,143605.72,2026-09-19,Paid,2026-10-01,DEP-01,PRJ-101
INV-60016,2026-02-02,PO-40015,GRN-50016,V-1015,Action Tesa,Carpentry,77448.37,13940.71,91389.08,2026-03-04,Paid,2026-03-04,DEP-01,PRJ-101
INV-60017,2026-04-13,PO-40016,GRN-50017,V-1007,Schneider Electric India,Electrical,1145.94,206.27,1352.21,2026-05-13,Paid,2026-05-14,DEP-02,PRJ-102
INV-60018,2026-02-24,PO-40017,GRN-50018,V-1053,Prince Pipes,Plumbing Materials,175987.56,31677.76,207665.32,2026-03-11,Paid,2026-03-11,DEP-04,PRJ-104
INV-60019,2026-01-12,PO-40018,GRN-50019,V-1040,Exide Industries,Batteries,18198.27,3275.69,21473.96,2026-02-26,Paid,2026-02-26,DEP-01,PRJ-101
INV-60020,2026-07-08,PO-40019,GRN-50020,V-1021,ACC Limited,Road Construction Materials,1583962.14,285113.19,1869075.33,2026-08-07,Paid,2026-08-15,DEP-01,PRJ-101
INV-60021,2026-04-28,PO-40020,GRN-50021,V-1013,Archidply Industries,Carpentry,13879.74,2498.35,16378.09,2026-05-28,Paid,2026-06-07,DEP-04,PRJ-104
INV-60022,2026-02-11,PO-40021,GRN-50022,V-1014,Duro Ply India,Carpentry,1234.25,222.16,1456.41,2026-03-13,Paid,2026-03-14,DEP-04,PRJ-104
INV-60023,2026-02-17,PO-40022,GRN-50023,V-1038,Websol Energy System,Solar Panels,857.83,154.41,1012.24,2026-04-03,Paid,2026-04-08,DEP-03,PRJ-103
INV-60024,2026-02-25,PO-40023,GRN-50024,V-1044,Okaya Power,Batteries,247841.31,44611.44,292452.75,2026-03-12,Paid,2026-03-16,DEP-06,PRJ-106
INV-60025,2026-01-24,PO-40024,GRN-50025,V-1020,UltraTech Cement,Road Construction Materials,113352.73,20403.49,133756.22,2026-02-23,Paid,2026-02-25,DEP-01,PRJ-101
INV-60026,2026-05-19,PO-40025,GRN-50026,V-1002,Finolex Cables,Electrical,42898.78,7721.78,50620.56,2026-06-18,Paid,2026-06-23,DEP-05,PRJ-105
INV-60027,2026-06-11,PO-40026,GRN-50027,V-1028,Birla Corporation,Road Construction Materials,162244.06,29203.93,191447.99,2026-08-10,Paid,2026-08-06,DEP-02,PRJ-102
INV-60028,2026-07-10,PO-40028,GRN-50029,V-1056,Jaquar Group,Plumbing Materials,4390.12,790.22,5180.34,2026-07-25,Paid,2026-07-31,DEP-02,PRJ-102
INV-60029,2026-02-24,PO-40030,GRN-50031,V-1059,Roto Pumps,Plumbing Materials,15899.74,2861.95,18761.69,2026-03-26,Paid,2026-03-29,DEP-03,PRJ-103
INV-60030,2026-02-03,PO-40031,GRN-50032,V-1032,Adani Solar,Solar Panels,4045.46,728.18,4773.64,2026-04-04,Paid,2026-04-10,DEP-04,PRJ-104
INV-60031,2026-02-11,PO-40031,GRN-50033,V-1032,Adani Solar,Solar Panels,4045.46,728.18,4773.64,2026-04-12,Paid,2026-04-12,DEP-04,PRJ-104
INV-60032,2026-02-08,PO-40032,GRN-50034,V-1017,Hettich India,Carpentry,1931.05,347.59,2278.64,2026-03-25,Paid,2026-03-21,DEP-06,PRJ-106
INV-60033,2026-08-13,PO-40033,GRN-50035,V-1042,Luminous Power Technologies,Batteries,2742869.57,493716.52,3236586.09,2026-09-12,Paid,2026-09-13,DEP-06,PRJ-106
INV-60034,2025-10-06,PO-40035,GRN-50036,V-1009,Orient Electric,Electrical,20744.42,3734.0,24478.42,2025-10-21,Paid,2025-10-31,DEP-03,PRJ-103
INV-60035,2025-10-15,PO-40038,GRN-50039,V-1033,Vikram Solar,Solar Panels,2627.09,472.88,3099.97,2025-11-14,Paid,2025-11-13,DEP-03,PRJ-103
INV-60036,2026-03-01,PO-40039,GRN-50040,V-1048,Base Corporation,Batteries,550330.44,99059.48,649389.92,2026-03-31,Paid,2026-04-07,DEP-02,PRJ-102
INV-60037,2026-06-28,PO-40040,GRN-50041,V-1001,Polycab India,Electrical,12272.43,2209.04,14481.47,2026-07-28,Paid,2026-07-27,DEP-01,PRJ-101
INV-60038,2026-04-12,PO-40041,GRN-50042,V-1001,Polycab India,Electrical,6993.95,1258.91,8252.86,2026-05-12,Paid,2026-05-10,DEP-01,PRJ-101
INV-60039,2025-11-13,PO-40042,GRN-50043,V-1033,Vikram Solar,Solar Panels,71406.85,12853.23,84260.08,2025-12-13,Paid,2025-12-12,DEP-04,PRJ-104
INV-60040,2025-11-20,PO-40042,GRN-50044,V-1033,Vikram Solar,Solar Panels,71406.85,12853.23,84260.08,2025-12-20,Paid,2025-12-25,DEP-04,PRJ-104
INV-60041,2026-03-14,PO-40045,GRN-50046,V-1012,Kitply Industries,Carpentry,4294.07,772.93,5067.0,2026-03-29,Paid,2026-03-26,DEP-01,PRJ-101
INV-60042,2025-12-15,PO-40046,GRN-50047,V-1036,Emmvee Solar,Solar Panels,332054.33,59769.78,391824.11,2026-01-29,Paid,2026-02-05,DEP-05,PRJ-105
INV-60043,2025-10-15,PO-40047,GRN-50048,V-1033,Vikram Solar,Solar Panels,40848.95,7352.81,48201.76,2025-11-14,Paid,2025-11-14,DEP-04,PRJ-104
INV-60044,2026-07-04,PO-40048,GRN-50049,V-1050,Astral Pipes,Plumbing Materials,37876.55,6817.78,44694.33,2026-09-02,Paid,2026-08-31,DEP-04,PRJ-104
INV-60045,2026-07-15,PO-40048,GRN-50050,V-1050,Astral Pipes,Plumbing Materials,37876.55,6817.78,44694.33,2026-09-13,Paid,2026-09-16,DEP-04,PRJ-104
INV-60046,2025-11-19,PO-40049,GRN-50051,V-1002,Finolex Cables,Electrical,68761.0,12376.98,81137.98,2025-12-19,Paid,2025-12-28,DEP-02,PRJ-102
INV-60047,2026-07-20,PO-40050,GRN-50052,V-1047,Panasonic Energy India,Batteries,225237.52,40542.75,265780.27,2026-08-04,Paid,2026-08-10,DEP-05,PRJ-105
INV-60048,2026-08-30,PO-40051,GRN-50053,V-1055,CERA Sanitaryware,Plumbing Materials,2362.65,425.28,2787.93,2026-09-29,Paid,2026-10-07,DEP-04,PRJ-104
INV-60049,2026-04-28,PO-40052,GRN-50054,V-1055,CERA Sanitaryware,Plumbing Materials,192917.31,34725.12,227642.43,2026-05-28,Paid,2026-05-27,DEP-03,PRJ-103
INV-60050,2026-06-01,PO-40055,GRN-50056,V-1019,Sarvottam Plywood,Carpentry,40933.84,7368.09,48301.93,2026-06-16,Paid,2026-06-14,DEP-01,PRJ-101
INV-60051,2026-08-01,PO-40056,GRN-50057,V-1037,RenewSys India,Solar Panels,13319.78,2397.56,15717.34,2026-09-15,Paid,2026-09-22,DEP-06,PRJ-106
INV-60052,2026-01-22,PO-40057,GRN-50058,V-1048,Base Corporation,Batteries,205341.8,36961.52,242303.32,2026-02-21,Pending,,DEP-02,PRJ-102
INV-60053,2026-04-04,PO-40058,GRN-50059,V-1050,Astral Pipes,Plumbing Materials,60155.32,10827.96,70983.28,2026-06-03,Paid,2026-06-07,DEP-04,PRJ-104
INV-60054,2025-11-02,PO-40059,GRN-50060,V-1026,Tata Steel,Road Construction Materials,4556.61,820.19,5376.8,2026-01-01,Paid,2025-12-31,DEP-04,PRJ-104
INV-60055,2026-08-19,PO-40060,GRN-50061,V-1035,Premier Energies,Solar Panels,617503.8,111150.68,728654.48,2026-09-03,Paid,2026-09-03,DEP-04,PRJ-104
INV-60056,2026-02-01,PO-40061,GRN-50062,V-1042,Luminous Power Technologies,Batteries,16903.07,3042.55,19945.62,2026-03-03,Paid,2026-03-12,DEP-03,PRJ-103
INV-60057,2026-04-10,PO-40067,GRN-50066,V-1019,Sarvottam Plywood,Carpentry,25837.28,4650.71,30487.99,2026-04-25,Paid,2026-05-12,DEP-06,PRJ-106
INV-60058,2026-07-13,PO-40068,GRN-50067,V-1032,Adani Solar,Solar Panels,394957.87,71092.42,466050.29,2026-09-11,Paid,2026-09-15,DEP-03,PRJ-103
INV-60059,2026-08-12,PO-40069,GRN-50068,V-1046,Livguard Energy,Batteries,243564.04,43841.53,287405.57,2026-08-27,Paid,2026-08-30,DEP-04,PRJ-104
INV-60060,2025-11-23,PO-40070,GRN-50069,V-1034,Goldi Solar,Solar Panels,1392029.16,250565.25,1642594.41,2025-12-23,Paid,2026-01-07,DEP-05,PRJ-105
INV-60061,2026-07-09,PO-40072,GRN-50071,V-1014,Duro Ply India,Carpentry,1140.25,205.24,1345.49,2026-08-08,Paid,2026-08-16,DEP-05,PRJ-105
INV-60062,2026-07-16,PO-40072,GRN-50072,V-1014,Duro Ply India,Carpentry,1140.25,205.24,1345.49,2026-08-15,Pending,,DEP-05,PRJ-105
INV-60063,2026-03-07,PO-40073,GRN-50073,V-1034,Goldi Solar,Solar Panels,227557.43,40960.34,268517.77,2026-04-06,Paid,2026-04-10,DEP-03,PRJ-103
INV-60064,2026-05-23,PO-40074,GRN-50074,V-1025,Dalmia Bharat Cement,Road Construction Materials,287248.85,51704.79,338953.64,2026-07-22,Paid,2026-07-28,DEP-05,PRJ-105
INV-60065,2026-03-18,PO-40075,GRN-50075,V-1008,KEI Industries,Electrical,22646.36,4076.34,26722.7,2026-04-17,Paid,2026-04-20,DEP-04,PRJ-104
INV-60066,2026-06-28,PO-40076,GRN-50076,V-1020,UltraTech Cement,Road Construction Materials,250512.99,45092.34,295605.33,2026-07-28,Paid,2026-08-09,DEP-01,PRJ-101
INV-60067,2026-08-01,PO-40077,GRN-50077,V-1057,Hindware Homes,Plumbing Materials,107845.96,19412.27,127258.23,2026-09-15,Paid,2026-09-18,DEP-04,PRJ-104
INV-60068,2026-07-07,PO-40078,GRN-50078,V-1019,Sarvottam Plywood,Carpentry,38408.74,6913.57,45322.31,2026-07-22,Paid,2026-07-23,DEP-04,PRJ-104
INV-60069,2026-06-25,PO-40079,GRN-50079,V-1002,Finolex Cables,Electrical,3384.22,609.16,3993.38,2026-07-25,Paid,2026-07-18,DEP-06,PRJ-106
INV-60070,2026-02-23,PO-40080,GRN-50080,V-1017,Hettich India,Carpentry,1204.02,216.72,1420.74,2026-04-09,Paid,2026-04-16,DEP-04,PRJ-104
INV-60071,2026-02-17,PO-40081,GRN-50081,V-1013,Archidply Industries,Carpentry,18209.9,3277.78,21487.68,2026-03-19,Paid,2026-03-18,DEP-04,PRJ-104
INV-60072,2026-03-13,PO-40082,GRN-50082,V-1040,Exide Industries,Batteries,55352.18,9963.39,65315.57,2026-04-27,Overdue,,DEP-02,PRJ-102
INV-60073,2025-11-24,PO-40083,GRN-50083,V-1037,RenewSys India,Solar Panels,17533.19,3155.97,20689.16,2026-01-08,Overdue,,DEP-06,PRJ-106
INV-60074,2026-01-19,PO-40084,GRN-50084,V-1004,V-Guard Industries,Electrical,6431.21,1157.62,7588.83,2026-02-18,Paid,2026-02-19,DEP-02,PRJ-102
INV-60075,2026-04-09,PO-40085,GRN-50085,V-1009,Orient Electric,Electrical,47036.99,8466.66,55503.65,2026-04-24,Paid,2026-04-25,DEP-06,PRJ-106
INV-60076,2026-07-15,PO-40086,GRN-50086,V-1053,Prince Pipes,Plumbing Materials,7421.81,1335.93,8757.74,2026-07-30,Paid,2026-08-04,DEP-05,PRJ-105
INV-60077,2025-09-29,PO-40087,GRN-50087,V-1026,Tata Steel,Road Construction Materials,172139.21,30985.06,203124.27,2025-11-28,Paid,2025-11-28,DEP-05,PRJ-105
INV-60078,2026-04-01,PO-40088,GRN-50088,V-1048,Base Corporation,Batteries,101777.52,18319.95,120097.47,2026-05-01,Overdue,,DEP-02,PRJ-102
INV-60079,2026-06-29,PO-40089,GRN-50089,V-1031,Waaree Energies,Solar Panels,138700.79,24966.14,163666.93,2026-07-29,Paid,2026-08-06,DEP-06,PRJ-106
INV-60080,2026-04-16,PO-40090,GRN-50090,V-1014,Duro Ply India,Carpentry,195608.25,35209.48,230817.73,2026-05-16,Pending,,DEP-01,PRJ-101
INV-60081,2026-03-18,PO-40091,GRN-50091,V-1032,Adani Solar,Solar Panels,145318.2,26157.28,171475.48,2026-05-17,Paid,2026-05-26,DEP-04,PRJ-104
INV-60082,2026-06-23,PO-40092,GRN-50092,V-1037,RenewSys India,Solar Panels,33196.27,5975.33,39171.6,2026-08-07,Paid,2026-08-21,DEP-01,PRJ-101
INV-60083,2026-04-17,PO-40093,GRN-50093,V-1035,Premier Energies,Solar Panels,36927.29,6646.91,43574.2,2026-05-02,Overdue,,DEP-06,PRJ-106
INV-60084,2026-01-04,PO-40094,GRN-50094,V-1026,Tata Steel,Road Construction Materials,75296.74,13553.41,88850.15,2026-03-05,Paid,2026-03-16,DEP-03,PRJ-103
INV-60085,2026-05-15,PO-40095,GRN-50095,V-1052,Finolex Pipes,Plumbing Materials,32437.49,5838.75,38276.24,2026-06-29,Paid,2026-07-01,DEP-04,PRJ-104
INV-60086,2026-05-28,PO-40096,GRN-50096,V-1007,Schneider Electric India,Electrical,27531.44,4955.66,32487.1,2026-06-27,Paid,2026-06-30,DEP-06,PRJ-106
INV-60087,2025-11-22,PO-40097,GRN-50097,V-1035,Premier Energies,Solar Panels,4953773.69,891679.26,5845452.95,2025-12-07,Paid,2025-12-02,DEP-06,PRJ-106
INV-60088,2025-11-12,PO-40098,GRN-50098,V-1032,Adani Solar,Solar Panels,296712.3,53408.21,350120.51,2026-01-11,Overdue,,DEP-01,PRJ-101
INV-60089,2026-02-03,PO-40099,GRN-50099,V-1003,Anchor by Panasonic,Electrical,32857.34,5914.32,38771.66,2026-02-18,Paid,2026-02-21,DEP-03,PRJ-103
INV-60090,2026-06-06,PO-40101,GRN-50100,V-1036,Emmvee Solar,Solar Panels,51744.13,9313.94,61058.07,2026-07-21,Paid,2026-07-18,DEP-01,PRJ-101
INV-60091,2025-10-03,PO-40102,GRN-50101,V-1026,Tata Steel,Road Construction Materials,987396.39,177731.35,1165127.74,2025-12-02,Paid,2025-12-13,DEP-03,PRJ-103
INV-60092,2026-04-04,PO-40103,GRN-50102,V-1002,Finolex Cables,Electrical,11678.4,2102.11,13780.51,2026-05-04,Paid,2026-04-27,DEP-04,PRJ-104
INV-60093,2026-08-15,PO-40104,GRN-50104,V-1026,Tata Steel,Road Construction Materials,31489.39,5668.09,37157.48,2026-10-14,Paid,2026-10-26,DEP-01,PRJ-101
INV-60094,2025-10-09,PO-40105,GRN-50105,V-1001,Polycab India,Electrical,2136.45,384.56,2521.01,2025-11-08,Paid,2025-11-15,DEP-05,PRJ-105
INV-60095,2026-06-13,PO-40106,GRN-50106,V-1005,Crompton Greaves Consumer,Electrical,427.3,76.91,504.21,2026-07-13,Paid,2026-07-08,DEP-05,PRJ-105
INV-60096,2026-05-14,PO-40107,GRN-50107,V-1045,HBL Power Systems,Batteries,178411.73,32114.11,210525.84,2026-06-28,Paid,2026-07-03,DEP-05,PRJ-105
INV-60097,2026-05-21,PO-40108,GRN-50108,V-1031,Waaree Energies,Solar Panels,1002.08,180.37,1182.45,2026-06-20,Paid,2026-06-21,DEP-02,PRJ-102
INV-60098,2026-04-17,PO-40109,GRN-50109,V-1059,Roto Pumps,Plumbing Materials,17196.67,3095.4,20292.07,2026-05-17,Paid,2026-05-17,DEP-04,PRJ-104
INV-60099,2025-12-31,PO-40110,GRN-50110,V-1015,Action Tesa,Carpentry,10051.0,1809.18,11860.18,2026-01-30,Paid,2026-01-31,DEP-05,PRJ-105
INV-60100,2025-10-28,PO-40111,GRN-50111,V-1052,Finolex Pipes,Plumbing Materials,1077.0,193.86,1270.86,2025-12-12,Pending,,DEP-03,PRJ-103
INV-60101,2025-11-30,PO-40112,GRN-50112,V-1007,Schneider Electric India,Electrical,20666.96,3720.05,24387.01,2025-12-30,Paid,2025-12-30,DEP-05,PRJ-105
INV-60102,2025-11-29,PO-40112,GRN-50113,V-1007,Schneider Electric India,Electrical,20666.96,3720.05,24387.01,2025-12-29,Paid,2026-01-04,DEP-05,PRJ-105
INV-60103,2026-06-20,PO-40113,GRN-50114,V-1035,Premier Energies,Solar Panels,11557.51,2080.35,13637.86,2026-07-05,Paid,2026-06-29,DEP-04,PRJ-104
INV-60104,2026-05-16,PO-40114,GRN-50115,V-1053,Prince Pipes,Plumbing Materials,50844.68,9152.04,59996.72,2026-05-31,Paid,2026-05-29,DEP-03,PRJ-103
INV-60105,2025-12-06,PO-40116,GRN-50116,V-1052,Finolex Pipes,Plumbing Materials,2775.76,499.64,3275.4,2026-01-20,Paid,2026-01-09,DEP-01,PRJ-101
INV-60106,2026-02-21,PO-40117,GRN-50117,V-1027,JSW Steel,Road Construction Materials,672947.39,121130.53,794077.92,2026-03-23,Paid,2026-03-23,DEP-03,PRJ-103
INV-60107,2026-07-01,PO-40118,GRN-50118,V-1037,RenewSys India,Solar Panels,1820092.39,327616.63,2147709.02,2026-08-15,Overdue,,DEP-03,PRJ-103
INV-60108,2026-07-06,PO-40118,GRN-50119,V-1037,RenewSys India,Solar Panels,1820092.39,327616.63,2147709.02,2026-08-20,Paid,2026-08-26,DEP-03,PRJ-103
INV-60109,2025-10-03,PO-40119,GRN-50120,V-1051,Supreme Industries,Plumbing Materials,831.51,149.67,981.18,2025-11-02,Paid,2025-11-14,DEP-06,PRJ-106
INV-60110,2025-11-15,PO-40120,GRN-50121,V-1055,CERA Sanitaryware,Plumbing Materials,197404.29,35532.77,232937.06,2025-12-15,Paid,2025-12-14,DEP-01,PRJ-101
INV-60111,2026-07-28,PO-40121,GRN-50122,V-1021,ACC Limited,Road Construction Materials,66483.86,11967.09,78450.95,2026-08-27,Paid,2026-08-22,DEP-02,PRJ-102
INV-60112,2026-07-31,PO-40122,GRN-50123,V-1004,V-Guard Industries,Electrical,2840.75,511.34,3352.09,2026-08-30,Paid,2026-08-30,DEP-06,PRJ-106
INV-60113,2026-04-12,PO-40123,GRN-50124,V-1001,Polycab India,Electrical,21906.2,3943.12,25849.32,2026-05-12,Paid,2026-05-19,DEP-03,PRJ-103
INV-60114,2026-08-20,PO-40124,GRN-50125,V-1033,Vikram Solar,Solar Panels,353265.71,63587.83,416853.54,2026-09-19,Paid,2026-09-19,DEP-04,PRJ-104
INV-60115,2025-10-19,PO-40125,GRN-50126,V-1054,Ashirvad Pipes (Aliaxis),Plumbing Materials,8577.69,1543.98,10121.67,2025-11-03,Paid,2025-11-07,DEP-06,PRJ-106
INV-60116,2025-11-28,PO-40126,GRN-50127,V-1009,Orient Electric,Electrical,94049.01,16928.82,110977.83,2025-12-13,Paid,2025-12-13,DEP-03,PRJ-103
INV-60117,2026-01-14,PO-40127,GRN-50128,V-1037,RenewSys India,Solar Panels,363544.78,65438.06,428982.84,2026-02-28,Paid,2026-02-15,DEP-05,PRJ-105
INV-60118,2026-02-06,PO-40128,GRN-50129,V-1058,Kajaria Ceramics,Plumbing Materials,31383.57,5649.04,37032.61,2026-04-07,Paid,2026-04-13,DEP-04,PRJ-104
INV-60119,2026-03-01,PO-40129,GRN-50130,V-1013,Archidply Industries,Carpentry,5792.71,1042.69,6835.4,2026-03-31,Pending,,DEP-03,PRJ-103
INV-60120,2025-11-02,PO-40130,GRN-50131,V-1022,Ambuja Cements,Road Construction Materials,177938.52,32028.93,209967.45,2025-11-17,Pending,,DEP-06,PRJ-106
INV-60121,2026-08-22,PO-40131,GRN-50133,V-1003,Anchor by Panasonic,Electrical,1192.18,214.59,1406.77,2026-09-06,Paid,2026-09-05,DEP-05,PRJ-105
INV-60122,2025-12-24,PO-40132,GRN-50134,V-1004,V-Guard Industries,Electrical,3908.21,703.48,4611.69,2026-01-23,Paid,2026-01-24,DEP-04,PRJ-104
INV-60123,2025-09-29,PO-40133,GRN-50135,V-1041,Amara Raja Batteries (Amaron),Batteries,361945.47,65150.18,427095.65,2025-10-29,Paid,2025-11-03,DEP-03,PRJ-103
INV-60124,2025-09-20,PO-40134,GRN-50136,V-1015,Action Tesa,Carpentry,47006.09,8461.1,55467.19,2025-10-20,Paid,2025-10-20,DEP-05,PRJ-105
INV-60125,2025-12-30,PO-40135,GRN-50137,V-1004,V-Guard Industries,Electrical,18326.83,3298.83,21625.66,2026-01-29,Paid,2026-02-04,DEP-04,PRJ-104
INV-60126,2026-03-23,PO-40136,GRN-50138,V-1046,Livguard Energy,Batteries,147471.2,26544.82,174016.02,2026-04-07,Paid,2026-04-08,DEP-05,PRJ-105
INV-60127,2025-11-16,PO-40137,GRN-50139,V-1053,Prince Pipes,Plumbing Materials,2942.85,529.71,3472.56,2025-12-01,Paid,2025-11-30,DEP-05,PRJ-105
INV-60128,2026-06-29,PO-40138,GRN-50140,V-1022,Ambuja Cements,Road Construction Materials,18578.65,3344.16,21922.81,2026-07-14,Paid,2026-07-27,DEP-06,PRJ-106
INV-60129,2026-02-21,PO-40139,GRN-50141,V-1028,Birla Corporation,Road Construction Materials,20489.46,3688.1,24177.56,2026-04-22,Paid,2026-04-30,DEP-02,PRJ-102
INV-60130,2025-12-15,PO-40141,GRN-50143,V-1041,Amara Raja Batteries (Amaron),Batteries,558061.34,100451.04,658512.38,2026-01-14,Paid,2026-01-24,DEP-04,PRJ-104
INV-60131,2026-04-27,PO-40142,GRN-50144,V-1031,Waaree Energies,Solar Panels,2943.32,529.8,3473.12,2026-05-27,Paid,2026-05-27,DEP-06,PRJ-106
INV-60132,2025-12-18,PO-40143,GRN-50145,V-1041,Amara Raja Batteries (Amaron),Batteries,104533.5,18816.03,123349.53,2026-01-17,Pending,,DEP-01,PRJ-101
INV-60133,2026-07-28,PO-40144,GRN-50146,V-1058,Kajaria Ceramics,Plumbing Materials,1573.17,283.17,1856.34,2026-09-26,Paid,2026-09-27,DEP-04,PRJ-104
INV-60134,2026-02-21,PO-40145,GRN-50147,V-1004,V-Guard Industries,Electrical,7345.95,1322.27,8668.22,2026-03-23,Paid,2026-03-23,DEP-03,PRJ-103
INV-60135,2026-03-05,PO-40145,GRN-50148,V-1004,V-Guard Industries,Electrical,7345.95,1322.27,8668.22,2026-04-04,Paid,2026-04-12,DEP-03,PRJ-103
INV-60136,2025-12-20,PO-40146,GRN-50149,V-1049,Exicom Power Solutions,Batteries,587857.73,105814.39,693672.12,2026-01-19,Paid,2026-01-18,DEP-02,PRJ-102
INV-60137,2026-04-05,PO-40147,GRN-50150,V-1029,L&T Construction Materials,Road Construction Materials,476217.99,85719.24,561937.23,2026-05-05,Paid,2026-05-13,DEP-02,PRJ-102
INV-60138,2025-12-27,PO-40148,GRN-50151,V-1051,Supreme Industries,Plumbing Materials,86040.81,15487.35,101528.16,2026-01-26,Paid,2026-01-30,DEP-01,PRJ-101
INV-60139,2025-11-10,PO-40149,GRN-50152,V-1039,Loom Solar,Solar Panels,24455.61,4402.01,28857.62,2025-12-10,Paid,2025-12-13,DEP-05,PRJ-105
INV-60140,2025-11-30,PO-40149,GRN-50153,V-1039,Loom Solar,Solar Panels,30569.52,5502.51,36072.03,2025-12-30,Overdue,,DEP-05,PRJ-105
INV-60141,2026-02-06,PO-40150,GRN-50154,V-1017,Hettich India,Carpentry,90179.63,16232.33,106411.96,2026-03-23,Paid,2026-04-06,DEP-06,PRJ-106
INV-60142,2026-05-31,PO-40151,GRN-50155,V-1003,Anchor by Panasonic,Electrical,1231.59,221.69,1453.28,2026-06-15,Paid,2026-06-13,DEP-02,PRJ-102
INV-60143,2026-01-26,PO-40152,GRN-50156,V-1055,CERA Sanitaryware,Plumbing Materials,19762.36,3557.22,23319.58,2026-02-25,Paid,2026-03-03,DEP-06,PRJ-106
INV-60144,2026-01-28,PO-40153,GRN-50157,V-1012,Kitply Industries,Carpentry,1023.3,184.19,1207.49,2026-02-12,Overdue,,DEP-06,PRJ-106
INV-60145,2026-02-17,PO-40154,GRN-50158,V-1015,Action Tesa,Carpentry,18439.04,3319.03,21758.07,2026-03-19,Paid,2026-03-25,DEP-04,PRJ-104
INV-60146,2025-12-17,PO-40155,GRN-50159,V-1055,CERA Sanitaryware,Plumbing Materials,245242.49,44143.65,289386.14,2026-01-16,Paid,2026-01-17,DEP-06,PRJ-106
INV-60147,2026-01-20,PO-40156,GRN-50160,V-1044,Okaya Power,Batteries,4107.82,739.41,4847.23,2026-02-04,Overdue,,DEP-05,PRJ-105
INV-60148,2026-02-21,PO-40157,GRN-50161,V-1029,L&T Construction Materials,Road Construction Materials,85695.37,15425.17,101120.54,2026-03-23,Paid,2026-03-29,DEP-03,PRJ-103
INV-60149,2026-05-01,PO-40158,GRN-50162,V-1022,Ambuja Cements,Road Construction Materials,54355.89,9784.06,64139.95,2026-05-16,Paid,2026-06-03,DEP-02,PRJ-102
INV-60150,2026-08-05,PO-40159,GRN-50163,V-1005,Crompton Greaves Consumer,Electrical,23903.73,4302.67,28206.4,2026-09-04,Paid,2026-09-11,DEP-01,PRJ-101
INV-60151,2026-04-10,PO-40160,GRN-50164,V-1024,JK Cement,Road Construction Materials,1129448.8,203300.78,1332749.58,2026-05-10,Paid,2026-05-12,DEP-03,PRJ-103
INV-60152,2025-10-06,PO-40161,GRN-50165,V-1002,Finolex Cables,Electrical,11486.89,2067.64,13554.53,2025-11-05,Pending,,DEP-02,PRJ-102
INV-60153,2025-11-15,PO-40162,GRN-50166,V-1043,Su-Kam Power Systems,Batteries,54364.36,9785.58,64149.94,2025-11-30,Paid,2025-11-30,DEP-06,PRJ-106
INV-60154,2025-11-19,PO-40163,GRN-50167,V-1034,Goldi Solar,Solar Panels,1879.44,338.3,2217.74,2025-12-19,Overdue,,DEP-01,PRJ-101
INV-60155,2025-10-26,PO-40164,GRN-50168,V-1001,Polycab India,Electrical,224748.06,40454.65,265202.71,2025-11-25,Paid,2025-12-03,DEP-02,PRJ-102
INV-60156,2026-04-22,PO-40165,GRN-50169,V-1022,Ambuja Cements,Road Construction Materials,207576.93,37363.85,244940.78,2026-05-07,Paid,2026-05-06,DEP-03,PRJ-103
INV-60157,2026-02-04,PO-40166,GRN-50170,V-1022,Ambuja Cements,Road Construction Materials,1134967.47,204294.14,1339261.61,2026-02-19,Paid,2026-02-15,DEP-04,PRJ-104
INV-60158,2026-08-12,PO-40167,GRN-50171,V-1032,Adani Solar,Solar Panels,13589932.54,2446187.86,16036120.4,2026-10-11,Paid,2026-10-09,DEP-05,PRJ-105
INV-60159,2026-03-18,PO-40168,GRN-50172,V-1043,Su-Kam Power Systems,Batteries,235289.95,42352.19,277642.14,2026-04-02,Overdue,,DEP-05,PRJ-105
INV-60160,2026-05-17,PO-40169,GRN-50173,V-1056,Jaquar Group,Plumbing Materials,11790.26,2122.25,13912.51,2026-06-01,Pending,,DEP-04,PRJ-104
INV-60161,2026-06-29,PO-40170,GRN-50174,V-1028,Birla Corporation,Road Construction Materials,2642.05,475.57,3117.62,2026-08-28,Paid,2026-08-22,DEP-01,PRJ-101
INV-60162,2026-05-23,PO-40171,GRN-50175,V-1034,Goldi Solar,Solar Panels,2622.99,472.14,3095.13,2026-06-22,Paid,2026-06-12,DEP-05,PRJ-105
INV-60163,2026-05-19,PO-40172,GRN-50176,V-1040,Exide Industries,Batteries,671442.8,120859.7,792302.5,2026-07-03,Paid,2026-07-03,DEP-01,PRJ-101
INV-60164,2026-05-25,PO-40173,GRN-50177,V-1058,Kajaria Ceramics,Plumbing Materials,415336.34,74760.54,490096.88,2026-07-24,Paid,2026-07-28,DEP-04,PRJ-104
INV-60165,2026-06-01,PO-40174,GRN-50178,V-1039,Loom Solar,Solar Panels,6893504.91,1240830.88,8134335.79,2026-07-01,Paid,2026-07-04,DEP-06,PRJ-106
INV-60166,2026-01-08,PO-40175,GRN-50179,V-1038,Websol Energy System,Solar Panels,89265.83,16067.85,105333.68,2026-02-22,Overdue,,DEP-01,PRJ-101
INV-60167,2026-07-16,PO-40176,GRN-50180,V-1055,CERA Sanitaryware,Plumbing Materials,128137.8,23064.8,151202.6,2026-08-15,Paid,2026-08-07,DEP-04,PRJ-104
INV-60168,2026-04-02,PO-40177,GRN-50181,V-1044,Okaya Power,Batteries,905964.75,163073.66,1069038.41,2026-04-17,Paid,2026-04-21,DEP-02,PRJ-102
INV-60169,2026-07-08,PO-40178,GRN-50182,V-1028,Birla Corporation,Road Construction Materials,34371.46,6186.86,40558.32,2026-09-06,Paid,2026-09-04,DEP-06,PRJ-106
INV-60170,2026-03-14,PO-40179,GRN-50183,V-1000,Havells India,Electrical,108869.18,19596.45,128465.63,2026-03-29,Paid,2026-04-03,DEP-06,PRJ-106
INV-60171,2026-04-02,PO-40179,GRN-50184,V-1000,Havells India,Electrical,116645.55,20996.2,137641.75,2026-04-17,Paid,2026-04-15,DEP-06,PRJ-106
INV-60172,2026-06-15,PO-40180,GRN-50185,V-1006,Legrand India,Electrical,3317.13,597.08,3914.21,2026-07-30,Paid,2026-07-24,DEP-01,PRJ-101
INV-60173,2025-10-21,PO-40181,GRN-50186,V-1006,Legrand India,Electrical,31728.49,5711.13,37439.62,2025-12-05,Paid,2025-12-14,DEP-03,PRJ-103
INV-60174,2026-02-16,PO-40182,GRN-50187,V-1023,Shree Cement,Road Construction Materials,1250475.91,225085.66,1475561.57,2026-04-02,Paid,2026-04-02,DEP-06,PRJ-106
INV-60175,2025-11-30,PO-40183,GRN-50188,V-1031,Waaree Energies,Solar Panels,151931.04,27347.59,179278.63,2025-12-30,Paid,2026-01-05,DEP-01,PRJ-101
INV-60176,2026-07-05,PO-40184,GRN-50189,V-1011,Greenply Industries,Carpentry,15917.69,2865.18,18782.87,2026-09-03,Paid,2026-09-02,DEP-03,PRJ-103
INV-60177,2026-03-04,PO-40185,GRN-50190,V-1009,Orient Electric,Electrical,20536.64,3696.6,24233.24,2026-03-19,Paid,2026-03-20,DEP-05,PRJ-105
INV-60178,2026-02-27,PO-40186,GRN-50191,V-1002,Finolex Cables,Electrical,1957.92,352.43,2310.35,2026-03-29,Paid,2026-04-04,DEP-03,PRJ-103
INV-60179,2026-07-10,PO-40187,GRN-50192,V-1008,KEI Industries,Electrical,57115.46,10280.78,67396.24,2026-08-09,Paid,2026-08-15,DEP-06,PRJ-106
INV-60180,2026-09-05,PO-40188,GRN-50193,V-1028,Birla Corporation,Road Construction Materials,6829.92,1229.39,8059.31,2026-11-04,Pending,,DEP-04,PRJ-104
INV-60181,2026-07-15,PO-40190,GRN-50195,V-1041,Amara Raja Batteries (Amaron),Batteries,63899.96,11501.99,75401.95,2026-08-14,Pending,,DEP-06,PRJ-106
INV-60182,2025-12-06,PO-40191,GRN-50196,V-1055,CERA Sanitaryware,Plumbing Materials,50990.58,9178.3,60168.88,2026-01-05,Paid,2026-01-05,DEP-05,PRJ-105
INV-60183,2025-09-25,PO-40192,GRN-50197,V-1030,Tata Power Solar,Solar Panels,86854.96,15633.89,102488.85,2025-11-24,Paid,2025-11-21,DEP-02,PRJ-102
INV-60184,2025-10-25,PO-40193,GRN-50198,V-1046,Livguard Energy,Batteries,120956.53,21772.18,142728.71,2025-11-09,Pending,,DEP-06,PRJ-106
INV-60185,2025-11-09,PO-40194,GRN-50199,V-1022,Ambuja Cements,Road Construction Materials,34223.1,6160.16,40383.26,2025-11-24,Paid,2025-12-02,DEP-02,PRJ-102
INV-60186,2025-10-23,PO-40195,GRN-50200,V-1036,Emmvee Solar,Solar Panels,1902.36,342.42,2244.78,2025-12-07,Paid,2025-12-17,DEP-04,PRJ-104
INV-60187,2025-10-01,PO-40196,GRN-50201,V-1026,Tata Steel,Road Construction Materials,16804.61,3024.83,19829.44,2025-11-30,Paid,2025-11-30,DEP-05,PRJ-105
INV-60188,2026-01-06,PO-40197,GRN-50202,V-1037,RenewSys India,Solar Panels,95963.14,17273.37,113236.51,2026-02-20,Paid,2026-02-18,DEP-03,PRJ-103
INV-60189,2026-07-26,PO-40199,GRN-50203,V-1046,Livguard Energy,Batteries,193874.02,34897.32,228771.34,2026-08-10,Paid,2026-08-02,DEP-01,PRJ-101
INV-60190,2026-02-21,PO-40200,GRN-50204,V-1052,Finolex Pipes,Plumbing Materials,71245.7,12824.23,84069.93,2026-04-07,Paid,2026-04-08,DEP-06,PRJ-106
INV-60191,2026-05-14,PO-40202,GRN-50205,V-1031,Waaree Energies,Solar Panels,132277.42,23809.94,156087.36,2026-06-13,Paid,2026-06-18,DEP-02,PRJ-102
INV-60192,2026-05-29,PO-40203,GRN-50206,V-1050,Astral Pipes,Plumbing Materials,1771.98,318.96,2090.94,2026-07-28,Paid,2026-07-28,DEP-04,PRJ-104
INV-60193,2026-01-08,PO-40205,GRN-50208,V-1029,L&T Construction Materials,Road Construction Materials,53090.31,9556.26,62646.57,2026-02-07,Paid,2026-02-03,DEP-02,PRJ-102
INV-60194,2026-04-07,PO-40206,GRN-50209,V-1058,Kajaria Ceramics,Plumbing Materials,55008.98,9901.62,64910.6,2026-06-06,Paid,2026-06-06,DEP-05,PRJ-105
INV-60195,2026-05-27,PO-40207,GRN-50210,V-1023,Shree Cement,Road Construction Materials,23223.36,4180.2,27403.56,2026-07-11,Paid,2026-07-19,DEP-03,PRJ-103
INV-60196,2026-05-28,PO-40208,GRN-50211,V-1024,JK Cement,Road Construction Materials,11055.15,1989.93,13045.08,2026-06-27,Paid,2026-06-27,DEP-05,PRJ-105
INV-60197,2026-05-24,PO-40209,GRN-50212,V-1015,Action Tesa,Carpentry,28227.85,5081.01,33308.86,2026-06-23,Paid,2026-07-02,DEP-04,PRJ-104
INV-60198,2026-03-11,PO-40210,GRN-50213,V-1006,Legrand India,Electrical,616.82,111.03,727.85,2026-04-25,Paid,2026-04-20,DEP-06,PRJ-106
INV-60199,2025-11-04,PO-40211,GRN-50214,V-1035,Premier Energies,Solar Panels,11110.17,1999.83,13110.0,2025-11-19,Paid,2025-11-21,DEP-06,PRJ-106
INV-60200,2026-05-01,PO-40212,GRN-50215,V-1030,Tata Power Solar,Solar Panels,91937.58,16548.76,108486.34,2026-06-30,Paid,2026-07-02,DEP-05,PRJ-105
INV-60201,2025-11-22,PO-40213,GRN-50216,V-1043,Su-Kam Power Systems,Batteries,4148679.27,746762.27,4895441.54,2025-12-07,Paid,2025-12-12,DEP-01,PRJ-101
INV-60202,2026-02-08,PO-40214,GRN-50217,V-1059,Roto Pumps,Plumbing Materials,366661.41,65999.05,432660.46,2026-03-10,Paid,2026-03-16,DEP-04,PRJ-104
INV-60203,2026-02-15,PO-40215,GRN-50218,V-1027,JSW Steel,Road Construction Materials,11587.01,2085.66,13672.67,2026-03-17,Paid,2026-03-22,DEP-03,PRJ-103
INV-60204,2026-04-25,PO-40216,GRN-50219,V-1036,Emmvee Solar,Solar Panels,128466.68,23124.0,151590.68,2026-06-09,Paid,2026-06-18,DEP-01,PRJ-101
INV-60205,2026-02-03,PO-40218,GRN-50221,V-1010,Century Plyboards,Carpentry,31549.1,5678.84,37227.94,2026-03-20,Paid,2026-03-23,DEP-01,PRJ-101
INV-60206,2025-10-19,PO-40219,GRN-50222,V-1000,Havells India,Electrical,35703.68,6426.66,42130.34,2025-11-03,Paid,2025-11-08,DEP-02,PRJ-102
INV-60207,2026-03-07,PO-40220,GRN-50223,V-1024,JK Cement,Road Construction Materials,255624.19,46012.35,301636.54,2026-04-06,Paid,2026-04-09,DEP-02,PRJ-102
INV-60208,2026-04-20,PO-40221,GRN-50224,V-1049,Exicom Power Solutions,Batteries,892469.4,160644.49,1053113.89,2026-05-20,Paid,2026-05-31,DEP-02,PRJ-102
INV-60209,2025-11-08,PO-40222,GRN-50225,V-1037,RenewSys India,Solar Panels,68439.66,12319.14,80758.8,2025-12-23,Paid,2026-01-04,DEP-03,PRJ-103
INV-60210,2026-07-01,PO-40223,GRN-50226,V-1039,Loom Solar,Solar Panels,95949.98,17271.0,113220.98,2026-07-31,Paid,2026-08-04,DEP-05,PRJ-105
INV-60211,2025-10-02,PO-40224,GRN-50227,V-1028,Birla Corporation,Road Construction Materials,21807.77,3925.4,25733.17,2025-12-01,Paid,2025-11-28,DEP-05,PRJ-105
INV-60212,2025-10-15,PO-40225,GRN-50228,V-1030,Tata Power Solar,Solar Panels,261697.2,47105.5,308802.7,2025-12-14,Paid,2025-12-14,DEP-01,PRJ-101
INV-60213,2026-04-16,PO-40226,GRN-50229,V-1001,Polycab India,Electrical,1351.45,243.26,1594.71,2026-05-16,Paid,2026-05-18,DEP-06,PRJ-106
INV-60214,2026-06-29,PO-40227,GRN-50230,V-1037,RenewSys India,Solar Panels,1947503.83,350550.69,2298054.52,2026-08-13,Paid,2026-08-27,DEP-05,PRJ-105
INV-60215,2026-03-08,PO-40228,GRN-50231,V-1053,Prince Pipes,Plumbing Materials,49420.71,8895.73,58316.44,2026-03-23,Paid,2026-03-29,DEP-03,PRJ-103
INV-60216,2025-09-26,PO-40229,GRN-50232,V-1055,CERA Sanitaryware,Plumbing Materials,1856.07,334.09,2190.16,2025-10-26,Pending,,DEP-01,PRJ-101
INV-60217,2025-11-18,PO-40230,GRN-50233,V-1017,Hettich India,Carpentry,2839.56,511.12,3350.68,2026-01-02,Paid,2026-01-03,DEP-02,PRJ-102
INV-60218,2026-03-28,PO-40231,GRN-50234,V-1059,Roto Pumps,Plumbing Materials,20931.42,3767.66,24699.08,2026-04-27,Paid,2026-04-24,DEP-01,PRJ-101
INV-60219,2026-05-07,PO-40232,GRN-50235,V-1032,Adani Solar,Solar Panels,85358.62,15364.55,100723.17,2026-07-06,Paid,2026-07-11,DEP-01,PRJ-101
INV-60220,2026-05-27,PO-40233,GRN-50236,V-1008,KEI Industries,Electrical,1218.58,219.34,1437.92,2026-06-26,Paid,2026-07-02,DEP-06,PRJ-106
INV-60221,2026-07-14,PO-40234,GRN-50237,V-1017,Hettich India,Carpentry,19207.15,3457.29,22664.44,2026-08-28,Paid,2026-09-02,DEP-03,PRJ-103
INV-60222,2026-02-23,PO-40235,GRN-50238,V-1055,CERA Sanitaryware,Plumbing Materials,2452.2,441.4,2893.6,2026-03-25,Paid,2026-03-23,DEP-02,PRJ-102
INV-60223,2026-08-19,PO-40236,GRN-50239,V-1009,Orient Electric,Electrical,42824.86,7708.47,50533.33,2026-09-03,Paid,2026-09-10,DEP-06,PRJ-106
INV-60224,2026-07-18,PO-40237,GRN-50240,V-1050,Astral Pipes,Plumbing Materials,44974.92,8095.49,53070.41,2026-09-16,Paid,2026-09-29,DEP-01,PRJ-101
INV-60225,2026-07-25,PO-40237,GRN-50241,V-1050,Astral Pipes,Plumbing Materials,44974.92,8095.49,53070.41,2026-09-23,Paid,2026-09-18,DEP-01,PRJ-101
INV-60226,2026-07-01,PO-40238,GRN-50242,V-1056,Jaquar Group,Plumbing Materials,24524.93,4414.49,28939.42,2026-07-16,Paid,2026-07-16,DEP-04,PRJ-104
INV-60227,2025-12-24,PO-40239,GRN-50243,V-1002,Finolex Cables,Electrical,3053.96,549.71,3603.67,2026-01-23,Paid,2026-01-12,DEP-06,PRJ-106
INV-60228,2026-04-17,PO-40240,GRN-50244,V-1053,Prince Pipes,Plumbing Materials,47812.96,8606.33,56419.29,2026-05-02,Paid,2026-05-07,DEP-03,PRJ-103
INV-60229,2025-11-30,PO-40241,GRN-50245,V-1026,Tata Steel,Road Construction Materials,1467715.74,264188.83,1731904.57,2026-01-29,Paid,2026-01-31,DEP-01,PRJ-101
INV-60230,2026-02-02,PO-40242,GRN-50246,V-1036,Emmvee Solar,Solar Panels,6510.03,1171.81,7681.84,2026-03-19,Paid,2026-03-22,DEP-04,PRJ-104
INV-60231,2026-06-07,PO-40243,GRN-50247,V-1050,Astral Pipes,Plumbing Materials,7650.38,1377.07,9027.45,2026-08-06,Pending,,DEP-01,PRJ-101
INV-60232,2025-11-03,PO-40244,GRN-50248,V-1046,Livguard Energy,Batteries,410242.21,73843.6,484085.81,2025-11-18,Paid,2025-11-19,DEP-04,PRJ-104
INV-60233,2025-11-21,PO-40245,GRN-50249,V-1036,Emmvee Solar,Solar Panels,18458961.34,3322613.04,21781574.38,2026-01-05,Paid,2026-01-05,DEP-06,PRJ-106
INV-60234,2026-05-28,PO-40247,GRN-50250,V-1043,Su-Kam Power Systems,Batteries,658331.01,118499.58,776830.59,2026-06-12,Paid,2026-06-25,DEP-05,PRJ-105
INV-60235,2025-10-17,PO-40248,GRN-50251,V-1039,Loom Solar,Solar Panels,110163.17,19829.37,129992.54,2025-11-16,Paid,2025-11-22,DEP-06,PRJ-106
INV-60236,2026-05-15,PO-40250,GRN-50253,V-1042,Luminous Power Technologies,Batteries,82981.25,14936.62,97917.87,2026-06-14,Pending,,DEP-04,PRJ-104
INV-60237,2025-11-24,PO-40251,GRN-50254,V-1005,Crompton Greaves Consumer,Electrical,106473.43,19165.22,125638.65,2025-12-24,Paid,2025-12-24,DEP-01,PRJ-101
INV-60238,2025-11-25,PO-40252,GRN-50255,V-1022,Ambuja Cements,Road Construction Materials,5558.28,1000.49,6558.77,2025-12-10,Overdue,,DEP-05,PRJ-105
INV-60239,2025-12-03,PO-40252,GRN-50256,V-1022,Ambuja Cements,Road Construction Materials,5558.28,1000.49,6558.77,2025-12-18,Paid,2025-12-21,DEP-05,PRJ-105
INV-60240,2026-06-09,PO-40253,GRN-50257,V-1032,Adani Solar,Solar Panels,64167.51,11550.15,75717.66,2026-08-08,Paid,2026-08-12,DEP-06,PRJ-106
INV-60241,2025-10-13,PO-40254,GRN-50258,V-1034,Goldi Solar,Solar Panels,3138.06,564.85,3702.91,2025-11-12,Paid,2025-11-12,DEP-03,PRJ-103
INV-60242,2025-11-03,PO-40255,GRN-50259,V-1048,Base Corporation,Batteries,88875.12,15997.52,104872.64,2025-12-03,Paid,2025-12-12,DEP-03,PRJ-103
INV-60243,2026-06-29,PO-40257,GRN-50261,V-1039,Loom Solar,Solar Panels,70106.46,12619.16,82725.62,2026-07-29,Pending,,DEP-05,PRJ-105
INV-60244,2026-05-03,PO-40258,GRN-50262,V-1027,JSW Steel,Road Construction Materials,797420.24,143535.64,940955.88,2026-06-02,Paid,2026-06-06,DEP-01,PRJ-101
INV-60245,2025-11-07,PO-40259,GRN-50263,V-1043,Su-Kam Power Systems,Batteries,328631.07,59153.59,387784.66,2025-11-22,Paid,2025-11-22,DEP-01,PRJ-101
INV-60246,2025-12-14,PO-40260,GRN-50264,V-1021,ACC Limited,Road Construction Materials,1665065.95,299711.87,1964777.82,2026-01-13,Paid,2026-01-10,DEP-01,PRJ-101
INV-60247,2025-12-30,PO-40261,GRN-50265,V-1028,Birla Corporation,Road Construction Materials,147109.44,26479.7,173589.14,2026-02-28,Paid,2026-03-09,DEP-04,PRJ-104
INV-60248,2026-02-27,PO-40262,GRN-50266,V-1040,Exide Industries,Batteries,108078.86,19454.19,127533.05,2026-04-13,Paid,2026-04-09,DEP-06,PRJ-106
INV-60249,2026-03-16,PO-40263,GRN-50267,V-1024,JK Cement,Road Construction Materials,2323594.11,418246.94,2741841.05,2026-04-15,Paid,2026-04-21,DEP-06,PRJ-106
INV-60250,2026-04-06,PO-40264,GRN-50268,V-1022,Ambuja Cements,Road Construction Materials,36208.03,6517.45,42725.48,2026-04-21,Paid,2026-04-21,DEP-02,PRJ-102
INV-60251,2026-06-13,PO-40265,GRN-50269,V-1039,Loom Solar,Solar Panels,29665.85,5339.85,35005.7,2026-07-13,Overdue,,DEP-04,PRJ-104
INV-60252,2026-05-17,PO-40266,GRN-50270,V-1021,ACC Limited,Road Construction Materials,59217.06,10659.07,69876.13,2026-06-16,Pending,,DEP-06,PRJ-106
INV-60253,2026-07-07,PO-40267,GRN-50271,V-1020,UltraTech Cement,Road Construction Materials,1693648.34,304856.7,1998505.04,2026-08-06,Paid,2026-08-06,DEP-04,PRJ-104
INV-60254,2026-02-16,PO-40268,GRN-50272,V-1049,Exicom Power Solutions,Batteries,273467.12,49224.08,322691.2,2026-03-18,Paid,2026-03-23,DEP-03,PRJ-103
INV-60255,2026-05-17,PO-40269,GRN-50273,V-1019,Sarvottam Plywood,Carpentry,3362.15,605.19,3967.34,2026-06-01,Paid,2026-05-30,DEP-02,PRJ-102
INV-60256,2026-08-27,PO-40270,GRN-50274,V-1044,Okaya Power,Batteries,395104.1,71118.74,466222.84,2026-09-11,Paid,2026-09-08,DEP-06,PRJ-106
INV-60257,2025-11-08,PO-40271,GRN-50275,V-1055,CERA Sanitaryware,Plumbing Materials,14942.13,2689.58,17631.71,2025-12-08,Paid,2025-12-12,DEP-03,PRJ-103
INV-60258,2025-11-18,PO-40271,GRN-50276,V-1055,CERA Sanitaryware,Plumbing Materials,14942.13,2689.58,17631.71,2025-12-18,Paid,2025-12-27,DEP-03,PRJ-103
INV-60259,2026-06-13,PO-40272,GRN-50277,V-1000,Havells India,Electrical,31533.07,5675.95,37209.02,2026-06-28,Pending,,DEP-01,PRJ-101
INV-60260,2026-08-13,PO-40273,GRN-50278,V-1004,V-Guard Industries,Electrical,213750.95,38475.17,252226.12,2026-09-12,Paid,2026-09-20,DEP-05,PRJ-105
INV-60261,2026-04-02,PO-40274,GRN-50279,V-1011,Greenply Industries,Carpentry,82481.61,14846.69,97328.3,2026-06-01,Paid,2026-06-11,DEP-01,PRJ-101
INV-60262,2025-11-01,PO-40275,GRN-50280,V-1057,Hindware Homes,Plumbing Materials,78557.45,14140.34,92697.79,2025-12-16,Paid,2025-12-15,DEP-01,PRJ-101
INV-60263,2025-11-11,PO-40275,GRN-50281,V-1057,Hindware Homes,Plumbing Materials,78557.45,14140.34,92697.79,2025-12-26,Paid,2026-01-04,DEP-01,PRJ-101
INV-60264,2025-12-03,PO-40276,GRN-50282,V-1021,ACC Limited,Road Construction Materials,939605.58,169129.0,1108734.58,2026-01-02,Paid,2026-01-07,DEP-01,PRJ-101
INV-60265,2026-04-06,PO-40277,GRN-50283,V-1033,Vikram Solar,Solar Panels,54659.8,9838.76,64498.56,2026-05-06,Paid,2026-05-15,DEP-04,PRJ-104
INV-60266,2025-10-18,PO-40278,GRN-50284,V-1058,Kajaria Ceramics,Plumbing Materials,26256.23,4726.12,30982.35,2025-12-17,Paid,2025-12-28,DEP-04,PRJ-104
INV-60267,2026-08-13,PO-40279,GRN-50285,V-1001,Polycab India,Electrical,1304.95,234.89,1539.84,2026-09-12,Paid,2026-09-08,DEP-05,PRJ-105
INV-60268,2025-11-15,PO-40280,GRN-50286,V-1039,Loom Solar,Solar Panels,532.76,95.9,628.66,2025-12-15,Paid,2025-12-06,DEP-06,PRJ-106
INV-60269,2026-07-28,PO-40281,GRN-50287,V-1000,Havells India,Electrical,24010.23,4321.84,28332.07,2026-08-12,Paid,2026-08-16,DEP-05,PRJ-105
INV-60270,2026-06-10,PO-40283,GRN-50289,V-1021,ACC Limited,Road Construction Materials,12398.44,2231.72,14630.16,2026-07-10,Paid,2026-07-19,DEP-05,PRJ-105
INV-60271,2025-10-07,PO-40284,GRN-50290,V-1031,Waaree Energies,Solar Panels,11134.48,2004.21,13138.69,2025-11-06,Paid,2025-11-01,DEP-03,PRJ-103
INV-60272,2026-01-19,PO-40285,GRN-50291,V-1029,L&T Construction Materials,Road Construction Materials,375993.47,67678.82,443672.29,2026-02-18,Paid,2026-02-25,DEP-01,PRJ-101
INV-60273,2026-01-09,PO-40286,GRN-50292,V-1027,JSW Steel,Road Construction Materials,271813.55,48926.44,320739.99,2026-02-08,Pending,,DEP-06,PRJ-106
INV-60274,2025-10-24,PO-40287,GRN-50293,V-1057,Hindware Homes,Plumbing Materials,6685.61,1203.41,7889.02,2025-12-08,Pending,,DEP-05,PRJ-105
INV-60275,2025-12-24,PO-40290,GRN-50295,V-1055,CERA Sanitaryware,Plumbing Materials,55656.22,10018.12,65674.34,2026-01-23,Paid,2026-01-17,DEP-02,PRJ-102
INV-60276,2026-06-15,PO-40291,GRN-50296,V-1040,Exide Industries,Batteries,139635.42,25134.38,164769.8,2026-07-30,Paid,2026-08-01,DEP-03,PRJ-103
INV-60277,2025-12-29,PO-40292,GRN-50297,V-1036,Emmvee Solar,Solar Panels,2522.7,454.09,2976.79,2026-02-12,Paid,2026-02-07,DEP-01,PRJ-101
INV-60278,2026-07-23,PO-40293,GRN-50298,V-1057,Hindware Homes,Plumbing Materials,25974.9,4675.48,30650.38,2026-09-06,Paid,2026-09-17,DEP-05,PRJ-105
INV-60279,2026-06-21,PO-40294,GRN-50299,V-1007,Schneider Electric India,Electrical,27599.89,4967.98,32567.87,2026-07-21,Paid,2026-07-21,DEP-04,PRJ-104
INV-60280,2026-05-26,PO-40295,GRN-50300,V-1039,Loom Solar,Solar Panels,2049.14,368.85,2417.99,2026-06-25,Paid,2026-06-26,DEP-04,PRJ-104
INV-60281,2026-07-26,PO-40296,GRN-50301,V-1022,Ambuja Cements,Road Construction Materials,23320.29,4197.65,27517.94,2026-08-10,Paid,2026-08-23,DEP-03,PRJ-103
INV-60282,2025-11-27,PO-40297,GRN-50302,V-1026,Tata Steel,Road Construction Materials,53428.87,9617.2,63046.07,2026-01-26,Paid,2026-02-02,DEP-06,PRJ-106
INV-60283,2025-12-07,PO-40298,GRN-50303,V-1050,Astral Pipes,Plumbing Materials,795.97,143.27,939.24,2026-02-05,Paid,2026-02-09,DEP-03,PRJ-103
INV-60284,2026-01-23,PO-40299,GRN-50304,V-1011,Greenply Industries,Carpentry,6618.4,1191.31,7809.71,2026-03-24,Paid,2026-03-30,DEP-06,PRJ-106
INV-60285,2025-11-30,PO-40301,GRN-50306,V-1048,Base Corporation,Batteries,36799.36,6623.88,43423.24,2025-12-30,Paid,2026-01-11,DEP-04,PRJ-104
INV-60286,2025-11-21,PO-40301,GRN-50307,V-1048,Base Corporation,Batteries,40888.18,7359.87,48248.05,2025-12-21,Paid,2025-12-25,DEP-04,PRJ-104
INV-60287,2026-05-13,PO-40302,GRN-50308,V-1044,Okaya Power,Batteries,147215.01,26498.7,173713.71,2026-05-28,Paid,2026-05-27,DEP-03,PRJ-103
INV-60288,2026-07-28,PO-40303,GRN-50309,V-1027,JSW Steel,Road Construction Materials,3061891.03,551140.39,3613031.42,2026-08-27,Paid,2026-09-05,DEP-03,PRJ-103
INV-60289,2025-10-08,PO-40304,GRN-50310,V-1004,V-Guard Industries,Electrical,2776.79,499.82,3276.61,2025-11-07,Paid,2025-11-07,DEP-06,PRJ-106
INV-60290,2026-03-26,PO-40305,GRN-50311,V-1044,Okaya Power,Batteries,55136.47,9924.56,65061.03,2026-04-10,Paid,2026-04-09,DEP-06,PRJ-106
INV-60291,2026-03-14,PO-40306,GRN-50312,V-1024,JK Cement,Road Construction Materials,157786.34,28401.54,186187.88,2026-04-13,Paid,2026-04-20,DEP-01,PRJ-101
INV-60292,2026-04-27,PO-40307,GRN-50313,V-1007,Schneider Electric India,Electrical,7964.97,1433.69,9398.66,2026-05-27,Paid,2026-05-19,DEP-01,PRJ-101
INV-60293,2025-10-09,PO-40308,GRN-50314,V-1012,Kitply Industries,Carpentry,19716.68,3549.0,23265.68,2025-10-24,Paid,2025-11-07,DEP-02,PRJ-102
INV-60294,2025-10-08,PO-40309,GRN-50315,V-1009,Orient Electric,Electrical,1409.08,253.63,1662.71,2025-10-23,Paid,2025-10-29,DEP-03,PRJ-103
INV-60295,2025-11-12,PO-40310,GRN-50316,V-1048,Base Corporation,Batteries,13408.76,2413.58,15822.34,2025-12-12,Paid,2025-12-18,DEP-01,PRJ-101
INV-60296,2026-06-07,PO-40311,GRN-50317,V-1022,Ambuja Cements,Road Construction Materials,7958.64,1432.56,9391.2,2026-06-22,Paid,2026-06-18,DEP-06,PRJ-106
INV-60297,2025-11-22,PO-40312,GRN-50318,V-1049,Exicom Power Solutions,Batteries,55590.63,10006.31,65596.94,2025-12-22,Paid,2026-01-01,DEP-05,PRJ-105
INV-60298,2026-08-08,PO-40313,GRN-50319,V-1020,UltraTech Cement,Road Construction Materials,32357.32,5824.32,38181.64,2026-09-07,Paid,2026-09-11,DEP-03,PRJ-103
INV-60299,2026-03-26,PO-40315,GRN-50320,V-1058,Kajaria Ceramics,Plumbing Materials,8708.67,1567.56,10276.23,2026-05-25,Paid,2026-05-23,DEP-04,PRJ-104
INV-60300,2026-05-21,PO-40316,GRN-50321,V-1036,Emmvee Solar,Solar Panels,10052.01,1809.36,11861.37,2026-07-05,Paid,2026-06-27,DEP-06,PRJ-106
INV-60301,2026-04-08,PO-40317,GRN-50322,V-1033,Vikram Solar,Solar Panels,2602.9,468.52,3071.42,2026-05-08,Paid,2026-05-05,DEP-06,PRJ-106
INV-60302,2026-06-11,PO-40318,GRN-50323,V-1056,Jaquar Group,Plumbing Materials,2275.57,409.6,2685.17,2026-06-26,Paid,2026-06-29,DEP-06,PRJ-106
INV-60303,2026-02-08,PO-40319,GRN-50324,V-1041,Amara Raja Batteries (Amaron),Batteries,259612.7,46730.29,306342.99,2026-03-10,Paid,2026-03-11,DEP-01,PRJ-101
INV-60304,2025-12-09,PO-40321,GRN-50326,V-1011,Greenply Industries,Carpentry,139427.75,25097.0,164524.75,2026-02-07,Paid,2026-02-24,DEP-05,PRJ-105
INV-60305,2025-10-28,PO-40323,GRN-50328,V-1041,Amara Raja Batteries (Amaron),Batteries,124296.87,22373.44,146670.31,2025-11-27,Overdue,,DEP-04,PRJ-104
INV-60306,2026-07-24,PO-40324,GRN-50329,V-1053,Prince Pipes,Plumbing Materials,10046.92,1808.45,11855.37,2026-08-08,Paid,2026-08-11,DEP-04,PRJ-104
INV-60307,2026-03-10,PO-40325,GRN-50330,V-1022,Ambuja Cements,Road Construction Materials,242478.3,43646.09,286124.39,2026-03-25,Paid,2026-03-24,DEP-05,PRJ-105
INV-60308,2026-01-19,PO-40326,GRN-50331,V-1031,Waaree Energies,Solar Panels,127127.14,22882.89,150010.03,2026-02-18,Paid,2026-02-19,DEP-01,PRJ-101
INV-60309,2026-08-21,PO-40327,GRN-50332,V-1056,Jaquar Group,Plumbing Materials,120213.43,21638.42,141851.85,2026-09-05,Paid,2026-09-05,DEP-02,PRJ-102
INV-60310,2026-02-24,PO-40329,GRN-50334,V-1045,HBL Power Systems,Batteries,64762.03,11657.17,76419.2,2026-04-10,Pending,,DEP-06,PRJ-106
INV-60311,2026-01-26,PO-40330,GRN-50335,V-1052,Finolex Pipes,Plumbing Materials,10148.75,1826.78,11975.53,2026-03-12,Paid,2026-03-20,DEP-01,PRJ-101
INV-60312,2025-11-21,PO-40331,GRN-50336,V-1043,Su-Kam Power Systems,Batteries,75048.41,13508.71,88557.12,2025-12-06,Paid,2025-12-13,DEP-03,PRJ-103
INV-60313,2025-09-15,PO-40332,GRN-50337,V-1036,Emmvee Solar,Solar Panels,191225.49,34420.59,225646.08,2025-10-30,Pending,,DEP-06,PRJ-106
INV-60314,2026-01-26,PO-40333,GRN-50338,V-1008,KEI Industries,Electrical,1015.4,182.77,1198.17,2026-02-25,Paid,2026-02-23,DEP-05,PRJ-105
INV-60315,2026-06-24,PO-40334,GRN-50339,V-1032,Adani Solar,Solar Panels,62153.65,11187.66,73341.31,2026-08-23,Paid,2026-08-25,DEP-03,PRJ-103
INV-60316,2025-10-11,PO-40335,GRN-50340,V-1052,Finolex Pipes,Plumbing Materials,29703.42,5346.62,35050.04,2025-11-25,Pending,,DEP-01,PRJ-101
INV-60317,2026-06-11,PO-40336,GRN-50341,V-1055,CERA Sanitaryware,Plumbing Materials,13228.32,2381.1,15609.42,2026-07-11,Paid,2026-07-05,DEP-05,PRJ-105
INV-60318,2026-08-22,PO-40337,GRN-50342,V-1006,Legrand India,Electrical,6083.26,1094.99,7178.25,2026-10-06,Paid,2026-09-30,DEP-05,PRJ-105
INV-60319,2025-12-02,PO-40338,GRN-50343,V-1019,Sarvottam Plywood,Carpentry,24660.74,4438.93,29099.67,2025-12-17,Paid,2025-12-17,DEP-04,PRJ-104
INV-60320,2026-07-27,PO-40339,GRN-50344,V-1047,Panasonic Energy India,Batteries,20079.72,3614.35,23694.07,2026-08-11,Paid,2026-08-11,DEP-01,PRJ-101
INV-60321,2026-02-17,PO-40340,GRN-50345,V-1046,Livguard Energy,Batteries,89533.08,16115.95,105649.03,2026-03-04,Paid,2026-03-03,DEP-03,PRJ-103
INV-60322,2025-12-24,PO-40341,GRN-50346,V-1037,RenewSys India,Solar Panels,20596482.17,3707366.79,24303848.96,2026-02-07,Paid,2026-02-11,DEP-06,PRJ-106
INV-60323,2025-11-14,PO-40342,GRN-50347,V-1009,Orient Electric,Electrical,14439.07,2599.03,17038.1,2025-11-29,Paid,2025-11-27,DEP-05,PRJ-105
INV-60324,2026-02-15,PO-40345,GRN-50349,V-1037,RenewSys India,Solar Panels,89053.21,16029.58,105082.79,2026-04-01,Pending,,DEP-06,PRJ-106
INV-60325,2026-05-14,PO-40346,GRN-50350,V-1037,RenewSys India,Solar Panels,1654.26,297.77,1952.03,2026-06-28,Overdue,,DEP-04,PRJ-104
INV-60326,2026-05-12,PO-40347,GRN-50351,V-1042,Luminous Power Technologies,Batteries,9009.52,1621.71,10631.23,2026-06-11,Paid,2026-06-11,DEP-04,PRJ-104
INV-60327,2026-06-08,PO-40349,GRN-50353,V-1044,Okaya Power,Batteries,521191.91,93814.54,615006.45,2026-06-23,Paid,2026-06-15,DEP-01,PRJ-101
INV-60328,2026-01-18,PO-40350,GRN-50354,V-1046,Livguard Energy,Batteries,808084.04,145455.13,953539.17,2026-02-02,Overdue,,DEP-04,PRJ-104
INV-60329,2026-06-05,PO-40351,GRN-50355,V-1026,Tata Steel,Road Construction Materials,2910.33,523.86,3434.19,2026-08-04,Paid,2026-08-11,DEP-01,PRJ-101
INV-60330,2026-06-17,PO-40351,GRN-50356,V-1026,Tata Steel,Road Construction Materials,3274.12,589.34,3863.46,2026-08-16,Overdue,,DEP-01,PRJ-101
INV-60331,2026-08-03,PO-40352,GRN-50357,V-1033,Vikram Solar,Solar Panels,59058.22,10630.48,69688.7,2026-09-02,Paid,2026-09-12,DEP-04,PRJ-104
INV-60332,2026-07-29,PO-40355,GRN-50359,V-1032,Adani Solar,Solar Panels,82726.62,14890.79,97617.41,2026-09-27,Paid,2026-10-02,DEP-05,PRJ-105
INV-60333,2026-05-05,PO-40356,GRN-50360,V-1009,Orient Electric,Electrical,5119.21,921.46,6040.67,2026-05-20,Paid,2026-05-15,DEP-04,PRJ-104
INV-60334,2026-06-05,PO-40357,GRN-50361,V-1048,Base Corporation,Batteries,447871.6,80616.89,528488.49,2026-07-05,Paid,2026-07-09,DEP-04,PRJ-104
INV-60335,2026-01-04,PO-40359,GRN-50363,V-1056,Jaquar Group,Plumbing Materials,8783.42,1581.02,10364.44,2026-01-19,Paid,2026-01-26,DEP-03,PRJ-103
INV-60336,2026-05-07,PO-40360,GRN-50364,V-1039,Loom Solar,Solar Panels,17203.56,3096.64,20300.2,2026-06-06,Paid,2026-06-13,DEP-02,PRJ-102
INV-60337,2026-02-17,PO-40362,GRN-50365,V-1008,KEI Industries,Electrical,4254.72,765.85,5020.57,2026-03-19,Paid,2026-03-24,DEP-05,PRJ-105
INV-60338,2025-10-06,PO-40363,GRN-50366,V-1055,CERA Sanitaryware,Plumbing Materials,1432.92,257.93,1690.85,2025-11-05,Paid,2025-10-31,DEP-05,PRJ-105
INV-60339,2025-10-19,PO-40364,GRN-50367,V-1053,Prince Pipes,Plumbing Materials,49855.71,8974.03,58829.74,2025-11-03,Paid,2025-11-03,DEP-04,PRJ-104
INV-60340,2026-02-21,PO-40366,GRN-50369,V-1003,Anchor by Panasonic,Electrical,816.64,147.0,963.64,2026-03-08,Paid,2026-03-02,DEP-01,PRJ-101
INV-60341,2026-05-04,PO-40367,GRN-50370,V-1044,Okaya Power,Batteries,148724.02,26770.32,175494.34,2026-05-19,Paid,2026-05-17,DEP-02,PRJ-102
INV-60342,2025-09-16,PO-40368,GRN-50371,V-1036,Emmvee Solar,Solar Panels,715792.34,128842.62,844634.96,2025-10-31,Paid,2025-11-12,DEP-01,PRJ-101
INV-60343,2026-04-13,PO-40369,GRN-50372,V-1045,HBL Power Systems,Batteries,33904.3,6102.77,40007.07,2026-05-28,Paid,2026-06-05,DEP-04,PRJ-104
INV-60344,2025-12-28,PO-40370,GRN-50373,V-1032,Adani Solar,Solar Panels,30772.68,5539.08,36311.76,2026-02-26,Paid,2026-03-01,DEP-03,PRJ-103
INV-60345,2026-06-17,PO-40371,GRN-50374,V-1040,Exide Industries,Batteries,345707.45,62227.34,407934.79,2026-08-01,Pending,,DEP-02,PRJ-102
INV-60346,2026-06-22,PO-40371,GRN-50375,V-1040,Exide Industries,Batteries,360738.21,64932.88,425671.09,2026-08-06,Paid,2026-08-08,DEP-02,PRJ-102
INV-60347,2026-01-31,PO-40373,GRN-50377,V-1019,Sarvottam Plywood,Carpentry,37023.73,6664.27,43688.0,2026-02-15,Paid,2026-02-15,DEP-03,PRJ-103
INV-60348,2025-10-11,PO-40374,GRN-50378,V-1000,Havells India,Electrical,2681.99,482.76,3164.75,2025-10-26,Paid,2025-11-04,DEP-06,PRJ-106
INV-60349,2026-05-04,PO-40375,GRN-50379,V-1051,Supreme Industries,Plumbing Materials,25937.61,4668.77,30606.38,2026-06-03,Paid,2026-05-27,DEP-06,PRJ-106
INV-60350,2026-05-11,PO-40375,GRN-50380,V-1051,Supreme Industries,Plumbing Materials,27065.33,4871.76,31937.09,2026-06-10,Paid,2026-06-12,DEP-06,PRJ-106
INV-60351,2025-11-21,PO-40376,GRN-50381,V-1038,Websol Energy System,Solar Panels,41682.62,7502.87,49185.49,2026-01-05,Pending,,DEP-03,PRJ-103
INV-60352,2026-05-07,PO-40377,GRN-50382,V-1026,Tata Steel,Road Construction Materials,1530493.44,275488.82,1805982.26,2026-07-06,Paid,2026-06-22,DEP-01,PRJ-101
INV-60353,2026-04-12,PO-40378,GRN-50383,V-1015,Action Tesa,Carpentry,17045.11,3068.12,20113.23,2026-05-12,Paid,2026-05-20,DEP-02,PRJ-102
INV-60354,2025-12-16,PO-40379,GRN-50385,V-1004,V-Guard Industries,Electrical,26315.53,4736.8,31052.33,2026-01-15,Overdue,,DEP-03,PRJ-103
INV-60355,2025-11-30,PO-40380,GRN-50386,V-1003,Anchor by Panasonic,Electrical,5280.12,950.42,6230.54,2025-12-15,Paid,2025-12-13,DEP-06,PRJ-106
INV-60356,2026-01-13,PO-40381,GRN-50387,V-1058,Kajaria Ceramics,Plumbing Materials,40847.61,7352.57,48200.18,2026-03-14,Paid,2026-03-22,DEP-05,PRJ-105
INV-60357,2026-05-18,PO-40382,GRN-50388,V-1015,Action Tesa,Carpentry,1265.8,227.84,1493.64,2026-06-17,Paid,2026-06-06,DEP-02,PRJ-102
INV-60358,2026-05-02,PO-40383,GRN-50389,V-1027,JSW Steel,Road Construction Materials,1756342.77,316141.7,2072484.47,2026-06-01,Paid,2026-06-04,DEP-03,PRJ-103
INV-60359,2025-11-16,PO-40384,GRN-50390,V-1054,Ashirvad Pipes (Aliaxis),Plumbing Materials,9235.54,1662.4,10897.94,2025-12-01,Paid,2025-11-25,DEP-03,PRJ-103
INV-60360,2026-04-12,PO-40385,GRN-50391,V-1012,Kitply Industries,Carpentry,14942.48,2689.65,17632.13,2026-04-27,Paid,2026-05-03,DEP-03,PRJ-103
INV-60361,2026-01-06,PO-40386,GRN-50392,V-1048,Base Corporation,Batteries,4755.4,855.97,5611.37,2026-02-05,Paid,2026-01-30,DEP-03,PRJ-103
INV-60362,2026-06-16,PO-40388,GRN-50394,V-1054,Ashirvad Pipes (Aliaxis),Plumbing Materials,5930.05,1067.41,6997.46,2026-07-01,Paid,2026-07-10,DEP-02,PRJ-102
INV-60363,2026-02-19,PO-40389,GRN-50395,V-1015,Action Tesa,Carpentry,821.39,147.85,969.24,2026-03-21,Paid,2026-03-22,DEP-04,PRJ-104
INV-60364,2025-12-08,PO-40390,GRN-50396,V-1027,JSW Steel,Road Construction Materials,1253957.18,225712.29,1479669.47,2026-01-07,Paid,2026-01-10,DEP-02,PRJ-102
INV-60365,2026-05-05,PO-40391,GRN-50397,V-1054,Ashirvad Pipes (Aliaxis),Plumbing Materials,19277.59,3469.97,22747.56,2026-05-20,Paid,2026-05-20,DEP-05,PRJ-105
INV-60366,2026-01-20,PO-40392,GRN-50398,V-1031,Waaree Energies,Solar Panels,354767.22,63858.1,418625.32,2026-02-19,Paid,2026-03-02,DEP-06,PRJ-106
INV-60367,2026-04-18,PO-40393,GRN-50399,V-1025,Dalmia Bharat Cement,Road Construction Materials,141350.66,25443.12,166793.78,2026-06-17,Paid,2026-06-16,DEP-06,PRJ-106
INV-60368,2025-12-09,PO-40394,GRN-50400,V-1040,Exide Industries,Batteries,1668684.03,300363.13,1969047.16,2026-01-23,Paid,2026-01-18,DEP-02,PRJ-102
INV-60369,2026-04-04,PO-40395,GRN-50401,V-1043,Su-Kam Power Systems,Batteries,2555724.96,460030.49,3015755.45,2026-04-19,Paid,2026-04-13,DEP-06,PRJ-106
INV-60370,2025-12-08,PO-40396,GRN-50402,V-1013,Archidply Industries,Carpentry,18336.0,3300.48,21636.48,2026-01-07,Paid,2026-01-05,DEP-01,PRJ-101
INV-60371,2025-12-18,PO-40396,GRN-50403,V-1013,Archidply Industries,Carpentry,18336.0,3300.48,21636.48,2026-01-17,Paid,2026-01-26,DEP-01,PRJ-101
INV-60372,2025-11-24,PO-40398,GRN-50404,V-1057,Hindware Homes,Plumbing Materials,168971.56,30414.88,199386.44,2026-01-08,Paid,2026-01-13,DEP-03,PRJ-103
INV-60373,2025-11-30,PO-40399,GRN-50405,V-1012,Kitply Industries,Carpentry,42151.78,7587.32,49739.1,2025-12-15,Overdue,,DEP-01,PRJ-101
INV-60374,2026-02-20,PO-40400,GRN-50407,V-1054,Ashirvad Pipes (Aliaxis),Plumbing Materials,953.08,171.55,1124.63,2026-03-07,Paid,2026-03-13,DEP-06,PRJ-106
INV-60375,2026-01-12,PO-40401,GRN-50408,V-1033,Vikram Solar,Solar Panels,78135.98,14064.48,92200.46,2026-02-11,Paid,2026-02-11,DEP-02,PRJ-102
INV-60376,2026-05-25,PO-40402,GRN-50409,V-1027,JSW Steel,Road Construction Materials,21162.42,3809.24,24971.66,2026-06-24,Paid,2026-07-09,DEP-03,PRJ-103
INV-60377,2026-05-06,PO-40403,GRN-50410,V-1027,JSW Steel,Road Construction Materials,87974.12,15835.34,103809.46,2026-06-05,Overdue,,DEP-03,PRJ-103
INV-60378,2026-02-11,PO-40404,GRN-50411,V-1000,Havells India,Electrical,19644.6,3536.03,23180.63,2026-02-26,Paid,2026-03-09,DEP-05,PRJ-105
INV-60379,2025-10-12,PO-40405,GRN-50412,V-1039,Loom Solar,Solar Panels,5978466.96,1076124.05,7054591.01,2025-11-11,Paid,2025-11-15,DEP-05,PRJ-105
INV-60380,2025-11-05,PO-40406,GRN-50413,V-1033,Vikram Solar,Solar Panels,72656.49,13078.17,85734.66,2025-12-05,Paid,2025-12-09,DEP-04,PRJ-104
INV-60381,2025-12-25,PO-40407,GRN-50414,V-1011,Greenply Industries,Carpentry,6840.08,1231.21,8071.29,2026-02-23,Paid,2026-02-15,DEP-06,PRJ-106
INV-60382,2025-12-20,PO-40408,GRN-50415,V-1009,Orient Electric,Electrical,133506.24,24031.12,157537.36,2026-01-04,Paid,2026-01-14,DEP-05,PRJ-105
INV-60383,2026-07-29,PO-40409,GRN-50416,V-1025,Dalmia Bharat Cement,Road Construction Materials,182157.5,32788.35,214945.85,2026-09-27,Paid,2026-09-28,DEP-04,PRJ-104
INV-60384,2026-06-03,PO-40410,GRN-50417,V-1025,Dalmia Bharat Cement,Road Construction Materials,676640.93,121795.37,798436.3,2026-08-02,Paid,2026-08-12,DEP-03,PRJ-103
INV-60385,2026-04-13,PO-40413,GRN-50419,V-1052,Finolex Pipes,Plumbing Materials,21884.29,3939.17,25823.46,2026-05-28,Paid,2026-06-07,DEP-02,PRJ-102
INV-60386,2026-04-01,PO-40415,GRN-50421,V-1026,Tata Steel,Road Construction Materials,105639.9,19015.18,124655.08,2026-05-31,Paid,2026-06-07,DEP-05,PRJ-105
INV-60387,2026-01-12,PO-40416,GRN-50422,V-1020,UltraTech Cement,Road Construction Materials,397801.26,71604.23,469405.49,2026-02-11,Paid,2026-02-08,DEP-04,PRJ-104
INV-60388,2026-05-29,PO-40418,GRN-50424,V-1023,Shree Cement,Road Construction Materials,417613.65,75170.46,492784.11,2026-07-13,Paid,2026-07-18,DEP-05,PRJ-105
INV-60389,2026-05-17,PO-40419,GRN-50425,V-1000,Havells India,Electrical,4216.72,759.01,4975.73,2026-06-01,Paid,2026-06-05,DEP-06,PRJ-106
INV-60390,2025-11-09,PO-40420,GRN-50426,V-1006,Legrand India,Electrical,11607.3,2089.31,13696.61,2025-12-24,Paid,2025-12-22,DEP-04,PRJ-104
INV-60391,2026-08-24,PO-40421,GRN-50427,V-1031,Waaree Energies,Solar Panels,31910.77,5743.94,37654.71,2026-09-23,Paid,2026-09-27,DEP-06,PRJ-106
INV-60392,2026-08-19,PO-40422,GRN-50428,V-1018,Ebco Private Ltd,Carpentry,41322.79,7438.1,48760.89,2026-10-03,Paid,2026-10-05,DEP-05,PRJ-105
INV-60393,2026-08-22,PO-40422,GRN-50429,V-1018,Ebco Private Ltd,Carpentry,41322.79,7438.1,48760.89,2026-10-06,Paid,2026-10-10,DEP-05,PRJ-105
INV-60394,2026-05-02,PO-40423,GRN-50430,V-1008,KEI Industries,Electrical,2932.09,527.78,3459.87,2026-06-01,Paid,2026-06-05,DEP-06,PRJ-106
INV-60395,2026-02-24,PO-40424,GRN-50431,V-1005,Crompton Greaves Consumer,Electrical,2121.65,381.9,2503.55,2026-03-26,Paid,2026-04-04,DEP-03,PRJ-103
INV-60396,2026-07-05,PO-40425,GRN-50432,V-1058,Kajaria Ceramics,Plumbing Materials,984.46,177.2,1161.66,2026-09-03,Paid,2026-09-08,DEP-02,PRJ-102
INV-60397,2026-02-02,PO-40426,GRN-50433,V-1008,KEI Industries,Electrical,625.96,112.67,738.63,2026-03-04,Paid,2026-03-04,DEP-02,PRJ-102
INV-60398,2026-06-22,PO-40427,GRN-50434,V-1002,Finolex Cables,Electrical,34907.59,6283.37,41190.96,2026-07-22,Paid,2026-07-16,DEP-03,PRJ-103
INV-60399,2026-05-29,PO-40429,GRN-50436,V-1032,Adani Solar,Solar Panels,317423.78,57136.28,374560.06,2026-07-28,Paid,2026-07-28,DEP-05,PRJ-105
INV-60400,2026-04-22,PO-40430,GRN-50437,V-1033,Vikram Solar,Solar Panels,4126445.1,742760.12,4869205.22,2026-05-22,Paid,2026-05-25,DEP-04,PRJ-104
INV-60401,2026-05-01,PO-40430,GRN-50438,V-1033,Vikram Solar,Solar Panels,4126445.1,742760.12,4869205.22,2026-05-31,Overdue,,DEP-04,PRJ-104
INV-60402,2025-11-17,PO-40433,GRN-50441,V-1019,Sarvottam Plywood,Carpentry,45141.34,8125.44,53266.78,2025-12-02,Paid,2025-12-02,DEP-06,PRJ-106
INV-60403,2026-01-08,PO-40434,GRN-50442,V-1004,V-Guard Industries,Electrical,4234.06,762.13,4996.19,2026-02-07,Overdue,,DEP-01,PRJ-101
INV-60404,2026-04-25,PO-40436,GRN-50444,V-1056,Jaquar Group,Plumbing Materials,6100.57,1098.1,7198.67,2026-05-10,Paid,2026-05-15,DEP-06,PRJ-106
INV-60405,2026-01-09,PO-40438,GRN-50446,V-1032,Adani Solar,Solar Panels,309446.34,55700.34,365146.68,2026-03-10,Overdue,,DEP-02,PRJ-102
INV-60406,2025-10-08,PO-40440,GRN-50448,V-1027,JSW Steel,Road Construction Materials,84673.43,15241.22,99914.65,2025-11-07,Paid,2025-11-08,DEP-06,PRJ-106
INV-60407,2026-03-01,PO-40441,GRN-50449,V-1045,HBL Power Systems,Batteries,62242.58,11203.66,73446.24,2026-04-15,Paid,2026-04-22,DEP-05,PRJ-105
INV-60408,2026-05-03,PO-40443,GRN-50451,V-1022,Ambuja Cements,Road Construction Materials,2255967.31,406074.12,2662041.43,2026-05-18,Paid,2026-05-10,DEP-03,PRJ-103
INV-60409,2026-06-09,PO-40444,GRN-50452,V-1026,Tata Steel,Road Construction Materials,4368.27,786.29,5154.56,2026-08-08,Paid,2026-08-09,DEP-04,PRJ-104
INV-60410,2026-02-19,PO-40445,GRN-50453,V-1048,Base Corporation,Batteries,33785.93,6081.47,39867.4,2026-03-21,Paid,2026-03-30,DEP-06,PRJ-106
INV-60411,2026-06-13,PO-40446,GRN-50454,V-1058,Kajaria Ceramics,Plumbing Materials,6692.24,1204.6,7896.84,2026-08-12,Paid,2026-08-12,DEP-02,PRJ-102
INV-60412,2026-04-07,PO-40447,GRN-50455,V-1007,Schneider Electric India,Electrical,259.38,46.69,306.07,2026-05-07,Paid,2026-05-19,DEP-05,PRJ-105
INV-60413,2025-11-01,PO-40448,GRN-50456,V-1027,JSW Steel,Road Construction Materials,1706963.2,307253.38,2014216.58,2025-12-01,Paid,2025-12-01,DEP-04,PRJ-104
INV-60414,2025-10-28,PO-40449,GRN-50457,V-1016,Merino Laminates,Carpentry,3795.24,683.14,4478.38,2025-11-12,Paid,2025-11-12,DEP-04,PRJ-104
INV-60415,2025-11-19,PO-40450,GRN-50458,V-1037,RenewSys India,Solar Panels,65405.05,11772.91,77177.96,2026-01-03,Paid,2025-12-25,DEP-06,PRJ-106
INV-60416,2025-11-17,PO-40450,GRN-50459,V-1037,RenewSys India,Solar Panels,65405.05,11772.91,77177.96,2026-01-01,Paid,2026-01-02,DEP-06,PRJ-106
INV-60417,2026-03-16,PO-40452,GRN-50460,V-1059,Roto Pumps,Plumbing Materials,189287.33,34071.72,223359.05,2026-04-15,Paid,2026-04-12,DEP-01,PRJ-101
INV-60418,2026-02-01,PO-40453,GRN-50461,V-1020,UltraTech Cement,Road Construction Materials,2675323.96,481558.31,3156882.27,2026-03-03,Paid,2026-03-10,DEP-03,PRJ-103
INV-60419,2026-03-10,PO-40454,GRN-50462,V-1016,Merino Laminates,Carpentry,29139.24,5245.06,34384.3,2026-03-25,Paid,2026-03-22,DEP-06,PRJ-106
INV-60420,2026-04-07,PO-40455,GRN-50463,V-1023,Shree Cement,Road Construction Materials,102634.37,18474.19,121108.56,2026-05-22,Overdue,,DEP-02,PRJ-102
INV-60421,2026-06-22,PO-40456,GRN-50464,V-1012,Kitply Industries,Carpentry,126947.71,22850.59,149798.3,2026-07-07,Paid,2026-07-10,DEP-02,PRJ-102
INV-60422,2025-12-02,PO-40457,GRN-50465,V-1002,Finolex Cables,Electrical,595.95,107.27,703.22,2026-01-01,Paid,2026-01-11,DEP-02,PRJ-102
INV-60423,2025-10-06,PO-40458,GRN-50466,V-1007,Schneider Electric India,Electrical,92218.22,16599.28,108817.5,2025-11-05,Paid,2025-11-01,DEP-01,PRJ-101
INV-60424,2025-10-13,PO-40458,GRN-50467,V-1007,Schneider Electric India,Electrical,99311.93,17876.15,117188.08,2025-11-12,Paid,2025-11-21,DEP-01,PRJ-101
INV-60425,2026-05-16,PO-40459,GRN-50468,V-1035,Premier Energies,Solar Panels,186951.52,33651.27,220602.79,2026-05-31,Paid,2026-06-05,DEP-05,PRJ-105
INV-60426,2025-09-29,PO-40460,GRN-50469,V-1001,Polycab India,Electrical,4623.69,832.26,5455.95,2025-10-29,Paid,2025-11-08,DEP-01,PRJ-101
INV-60427,2026-04-07,PO-40461,GRN-50470,V-1038,Websol Energy System,Solar Panels,532.86,95.91,628.77,2026-05-22,Paid,2026-06-02,DEP-04,PRJ-104
INV-60428,2026-07-26,PO-40463,GRN-50471,V-1051,Supreme Industries,Plumbing Materials,1165.77,209.84,1375.61,2026-08-25,Paid,2026-09-04,DEP-01,PRJ-101
INV-60429,2026-07-05,PO-40464,GRN-50472,V-1052,Finolex Pipes,Plumbing Materials,5291.73,952.51,6244.24,2026-08-19,Paid,2026-08-29,DEP-06,PRJ-106
INV-60430,2025-10-18,PO-40465,GRN-50473,V-1001,Polycab India,Electrical,365492.2,65788.6,431280.8,2025-11-17,Paid,2025-11-17,DEP-06,PRJ-106
INV-60431,2025-11-13,PO-40466,GRN-50474,V-1033,Vikram Solar,Solar Panels,15662.16,2819.19,18481.35,2025-12-13,Paid,2025-12-18,DEP-06,PRJ-106
INV-60432,2026-04-21,PO-40468,GRN-50475,V-1011,Greenply Industries,Carpentry,52561.93,9461.15,62023.08,2026-06-20,Paid,2026-06-20,DEP-01,PRJ-101
INV-60433,2026-04-16,PO-40469,GRN-50476,V-1009,Orient Electric,Electrical,1369.33,246.48,1615.81,2026-05-01,Paid,2026-05-11,DEP-03,PRJ-103
INV-60434,2026-04-01,PO-40470,GRN-50477,V-1009,Orient Electric,Electrical,49276.53,8869.78,58146.31,2026-04-16,Paid,2026-04-12,DEP-03,PRJ-103
INV-60435,2026-05-05,PO-40472,GRN-50479,V-1004,V-Guard Industries,Electrical,3345.05,602.11,3947.16,2026-06-04,Paid,2026-06-04,DEP-03,PRJ-103
INV-60436,2026-04-13,PO-40474,GRN-50481,V-1058,Kajaria Ceramics,Plumbing Materials,7442.31,1339.62,8781.93,2026-06-12,Overdue,,DEP-03,PRJ-103
INV-60437,2026-04-25,PO-40474,GRN-50482,V-1058,Kajaria Ceramics,Plumbing Materials,7442.31,1339.62,8781.93,2026-06-24,Paid,2026-06-21,DEP-03,PRJ-103
INV-60438,2026-07-15,PO-40475,GRN-50483,V-1020,UltraTech Cement,Road Construction Materials,16918.16,3045.27,19963.43,2026-08-14,Paid,2026-08-31,DEP-05,PRJ-105
INV-60439,2026-08-11,PO-40476,GRN-50484,V-1042,Luminous Power Technologies,Batteries,3047848.14,548612.67,3596460.81,2026-09-10,Paid,2026-09-06,DEP-06,PRJ-106
INV-60440,2025-11-23,PO-40477,GRN-50485,V-1033,Vikram Solar,Solar Panels,329984.21,59397.16,389381.37,2025-12-23,Paid,2025-12-23,DEP-01,PRJ-101
INV-60441,2026-04-17,PO-40478,GRN-50486,V-1051,Supreme Industries,Plumbing Materials,7698.88,1385.8,9084.68,2026-05-17,Pending,,DEP-03,PRJ-103
INV-60442,2026-05-15,PO-40479,GRN-50487,V-1051,Supreme Industries,Plumbing Materials,37635.83,6774.45,44410.28,2026-06-14,Paid,2026-06-22,DEP-01,PRJ-101
INV-60443,2026-02-08,PO-40480,GRN-50488,V-1017,Hettich India,Carpentry,29536.85,5316.63,34853.48,2026-03-25,Paid,2026-04-03,DEP-02,PRJ-102
INV-60444,2026-02-16,PO-40481,GRN-50489,V-1004,V-Guard Industries,Electrical,27410.43,4933.88,32344.31,2026-03-18,Paid,2026-03-16,DEP-04,PRJ-104
INV-60445,2026-07-11,PO-40482,GRN-50490,V-1050,Astral Pipes,Plumbing Materials,209447.87,37700.62,247148.49,2026-09-09,Paid,2026-08-31,DEP-01,PRJ-101
INV-60446,2025-10-05,PO-40483,GRN-50491,V-1008,KEI Industries,Electrical,4511.62,812.09,5323.71,2025-11-04,Paid,2025-11-04,DEP-01,PRJ-101
INV-60447,2026-03-01,PO-40484,GRN-50492,V-1024,JK Cement,Road Construction Materials,1572172.97,282991.13,1855164.1,2026-03-31,Paid,2026-04-01,DEP-06,PRJ-106
INV-60448,2026-02-09,PO-40485,GRN-50493,V-1050,Astral Pipes,Plumbing Materials,33233.7,5982.07,39215.77,2026-04-10,Paid,2026-04-11,DEP-05,PRJ-105
INV-60449,2026-07-31,PO-40486,GRN-50494,V-1041,Amara Raja Batteries (Amaron),Batteries,422683.01,76082.94,498765.95,2026-08-30,Paid,2026-09-05,DEP-05,PRJ-105
INV-60450,2026-02-05,PO-40487,GRN-50495,V-1032,Adani Solar,Solar Panels,97337.24,17520.7,114857.94,2026-04-06,Paid,2026-04-05,DEP-06,PRJ-106
INV-60451,2026-05-17,PO-40489,GRN-50496,V-1008,KEI Industries,Electrical,20239.36,3643.08,23882.44,2026-06-16,Paid,2026-06-24,DEP-02,PRJ-102
INV-60452,2025-12-30,PO-40490,GRN-50497,V-1059,Roto Pumps,Plumbing Materials,218186.25,39273.52,257459.77,2026-01-29,Paid,2026-02-05,DEP-04,PRJ-104
INV-60453,2025-11-12,PO-40491,GRN-50498,V-1028,Birla Corporation,Road Construction Materials,283824.44,51088.4,334912.84,2026-01-11,Paid,2026-01-16,DEP-05,PRJ-105
INV-60454,2026-06-09,PO-40492,GRN-50499,V-1001,Polycab India,Electrical,23593.97,4246.91,27840.88,2026-07-09,Overdue,,DEP-04,PRJ-104
INV-60455,2026-01-30,PO-40493,GRN-50500,V-1029,L&T Construction Materials,Road Construction Materials,16846.61,3032.39,19879.0,2026-03-01,Paid,2026-03-01,DEP-04,PRJ-104
INV-60456,2026-07-15,PO-40494,GRN-50501,V-1039,Loom Solar,Solar Panels,18658.91,3358.6,22017.51,2026-08-14,Paid,2026-08-17,DEP-01,PRJ-101
INV-60457,2026-09-01,PO-40495,GRN-50502,V-1045,HBL Power Systems,Batteries,36254.31,6525.78,42780.09,2026-10-16,Overdue,,DEP-04,PRJ-104
INV-60458,2026-02-28,PO-40497,GRN-50503,V-1015,Action Tesa,Carpentry,10861.86,1955.13,12816.99,2026-03-30,Paid,2026-03-30,DEP-02,PRJ-102
INV-60459,2025-10-14,PO-40498,GRN-50504,V-1027,JSW Steel,Road Construction Materials,258250.65,46485.12,304735.77,2025-11-13,Paid,2025-11-15,DEP-02,PRJ-102
INV-60460,2026-05-17,PO-40499,GRN-50505,V-1011,Greenply Industries,Carpentry,71720.65,12909.72,84630.37,2026-07-16,Paid,2026-07-21,DEP-01,PRJ-101
INV-60461,2026-07-11,PO-40500,GRN-50506,V-1012,Kitply Industries,Carpentry,4038.69,726.96,4765.65,2026-07-26,Paid,2026-08-08,DEP-02,PRJ-102
INV-60462,2026-07-26,PO-40501,GRN-50507,V-1009,Orient Electric,Electrical,1464.27,263.57,1727.84,2026-08-10,Paid,2026-08-15,DEP-04,PRJ-104
INV-60463,2026-08-11,PO-40502,GRN-50508,V-1005,Crompton Greaves Consumer,Electrical,58685.59,10563.41,69249.0,2026-09-10,Paid,2026-09-13,DEP-01,PRJ-101
INV-60464,2026-08-06,PO-40503,GRN-50509,V-1009,Orient Electric,Electrical,122620.71,22071.73,144692.44,2026-08-21,Paid,2026-08-20,DEP-04,PRJ-104
INV-60465,2025-11-16,PO-40504,GRN-50510,V-1029,L&T Construction Materials,Road Construction Materials,5725.05,1030.51,6755.56,2025-12-16,Paid,2025-12-19,DEP-05,PRJ-105
INV-60466,2026-02-17,PO-40505,GRN-50511,V-1016,Merino Laminates,Carpentry,138051.03,24849.19,162900.22,2026-03-04,Paid,2026-03-11,DEP-05,PRJ-105
INV-60467,2026-04-09,PO-40506,GRN-50512,V-1015,Action Tesa,Carpentry,8380.2,1508.44,9888.64,2026-05-09,Paid,2026-05-09,DEP-05,PRJ-105
INV-60468,2025-10-11,PO-40508,GRN-50514,V-1045,HBL Power Systems,Batteries,67779.11,12200.24,79979.35,2025-11-25,Paid,2025-11-27,DEP-04,PRJ-104
INV-60469,2026-01-10,PO-40509,GRN-50515,V-1020,UltraTech Cement,Road Construction Materials,362557.88,65260.42,427818.3,2026-02-09,Paid,2026-02-15,DEP-04,PRJ-104
INV-60470,2025-12-18,PO-40510,GRN-50516,V-1048,Base Corporation,Batteries,241489.36,43468.08,284957.44,2026-01-17,Paid,2026-01-21,DEP-06,PRJ-106
INV-60471,2026-07-27,PO-40512,GRN-50517,V-1039,Loom Solar,Solar Panels,59779.8,10760.36,70540.16,2026-08-26,Paid,2026-08-26,DEP-05,PRJ-105
INV-60472,2026-08-19,PO-40513,GRN-50518,V-1040,Exide Industries,Batteries,13685.18,2463.33,16148.51,2026-10-03,Paid,2026-09-28,DEP-05,PRJ-105
INV-60473,2026-04-23,PO-40514,GRN-50519,V-1030,Tata Power Solar,Solar Panels,1551.17,279.21,1830.38,2026-06-22,Paid,2026-06-24,DEP-04,PRJ-104
INV-60474,2026-05-03,PO-40515,GRN-50520,V-1005,Crompton Greaves Consumer,Electrical,890.77,160.34,1051.11,2026-06-02,Paid,2026-06-02,DEP-06,PRJ-106
INV-60475,2026-08-29,PO-40517,GRN-50521,V-1025,Dalmia Bharat Cement,Road Construction Materials,2319123.64,417442.26,2736565.9,2026-10-28,Paid,2026-11-05,DEP-05,PRJ-105
INV-60476,2026-03-12,PO-40518,GRN-50522,V-1032,Adani Solar,Solar Panels,555565.23,100001.74,655566.97,2026-05-11,Paid,2026-05-09,DEP-05,PRJ-105
INV-60477,2025-10-03,PO-40519,GRN-50523,V-1041,Amara Raja Batteries (Amaron),Batteries,512817.36,92307.12,605124.48,2025-11-02,Paid,2025-11-14,DEP-06,PRJ-106
INV-60478,2025-10-06,PO-40519,GRN-50524,V-1041,Amara Raja Batteries (Amaron),Batteries,615380.83,110768.55,726149.38,2025-11-05,Overdue,,DEP-06,PRJ-106
INV-60479,2025-10-14,PO-40520,GRN-50525,V-1040,Exide Industries,Batteries,172966.82,31134.03,204100.85,2025-11-28,Paid,2025-11-30,DEP-03,PRJ-103
INV-60480,2025-10-31,PO-40521,GRN-50526,V-1014,Duro Ply India,Carpentry,3405.19,612.93,4018.12,2025-11-30,Paid,2025-11-28,DEP-01,PRJ-101
INV-60481,2025-09-17,PO-40522,GRN-50527,V-1020,UltraTech Cement,Road Construction Materials,49975.68,8995.62,58971.3,2025-10-17,Paid,2025-10-19,DEP-04,PRJ-104
INV-60482,2026-05-26,PO-40523,GRN-50528,V-1034,Goldi Solar,Solar Panels,7488175.64,1347871.62,8836047.26,2026-06-25,Paid,2026-07-04,DEP-01,PRJ-101
INV-60483,2025-12-30,PO-40524,GRN-50529,V-1036,Emmvee Solar,Solar Panels,53717.17,9669.09,63386.26,2026-02-13,Paid,2026-02-16,DEP-01,PRJ-101
INV-60484,2026-04-04,PO-40525,GRN-50530,V-1033,Vikram Solar,Solar Panels,10800453.58,1944081.64,12744535.22,2026-05-04,Paid,2026-05-12,DEP-03,PRJ-103
INV-60485,2026-06-23,PO-40526,GRN-50531,V-1038,Websol Energy System,Solar Panels,45373.78,8167.28,53541.06,2026-08-07,Paid,2026-08-15,DEP-05,PRJ-105
INV-60486,2026-01-26,PO-40527,GRN-50532,V-1041,Amara Raja Batteries (Amaron),Batteries,885325.67,159358.62,1044684.29,2026-02-25,Paid,2026-03-01,DEP-03,PRJ-103
INV-60487,2026-08-09,PO-40528,GRN-50533,V-1038,Websol Energy System,Solar Panels,6952513.33,1251452.4,8203965.73,2026-09-23,Paid,2026-09-23,DEP-04,PRJ-104
INV-60488,2026-06-24,PO-40529,GRN-50534,V-1009,Orient Electric,Electrical,358.27,64.49,422.76,2026-07-09,Paid,2026-07-13,DEP-03,PRJ-103
INV-60489,2026-07-18,PO-40530,GRN-50535,V-1037,RenewSys India,Solar Panels,3605786.44,649041.56,4254828.0,2026-09-01,Paid,2026-09-06,DEP-04,PRJ-104
INV-60490,2026-07-02,PO-40531,GRN-50536,V-1032,Adani Solar,Solar Panels,15126.31,2722.74,17849.05,2026-08-31,Paid,2026-09-04,DEP-05,PRJ-105
INV-60491,2026-07-11,PO-40531,GRN-50537,V-1032,Adani Solar,Solar Panels,15126.31,2722.74,17849.05,2026-09-09,Overdue,,DEP-05,PRJ-105
INV-60492,2026-02-14,PO-40532,GRN-50538,V-1040,Exide Industries,Batteries,408833.19,73589.97,482423.16,2026-03-31,Paid,2026-04-06,DEP-05,PRJ-105
INV-60493,2026-02-24,PO-40533,GRN-50539,V-1031,Waaree Energies,Solar Panels,13613.47,2450.42,16063.89,2026-03-26,Paid,2026-03-28,DEP-04,PRJ-104
INV-60494,2026-05-10,PO-40534,GRN-50540,V-1030,Tata Power Solar,Solar Panels,28710.84,5167.95,33878.79,2026-07-09,Paid,2026-07-06,DEP-02,PRJ-102
INV-60495,2026-05-11,PO-40534,GRN-50541,V-1030,Tata Power Solar,Solar Panels,28710.84,5167.95,33878.79,2026-07-10,Paid,2026-07-13,DEP-02,PRJ-102
INV-60496,2026-02-16,PO-40535,GRN-50542,V-1040,Exide Industries,Batteries,620624.72,111712.45,732337.17,2026-04-02,Paid,2026-04-05,DEP-04,PRJ-104
INV-60497,2026-02-19,PO-40537,GRN-50544,V-1025,Dalmia Bharat Cement,Road Construction Materials,3555154.62,639927.83,4195082.45,2026-04-20,Paid,2026-04-15,DEP-03,PRJ-103
INV-60498,2025-10-24,PO-40538,GRN-50545,V-1037,RenewSys India,Solar Panels,108050.84,19449.15,127499.99,2025-12-08,Paid,2025-12-13,DEP-03,PRJ-103
INV-60499,2026-07-01,PO-40539,GRN-50546,V-1012,Kitply Industries,Carpentry,34356.9,6184.24,40541.14,2026-07-16,Paid,2026-07-31,DEP-04,PRJ-104
INV-60500,2026-06-08,PO-40540,GRN-50547,V-1003,Anchor by Panasonic,Electrical,1724.65,310.44,2035.09,2026-06-23,Paid,2026-06-26,DEP-05,PRJ-105
INV-60501,2026-06-15,PO-40540,GRN-50548,V-1003,Anchor by Panasonic,Electrical,1724.65,310.44,2035.09,2026-06-30,Paid,2026-06-30,DEP-05,PRJ-105
INV-60502,2025-10-03,PO-40541,GRN-50549,V-1044,Okaya Power,Batteries,181436.31,32658.54,214094.85,2025-10-18,Paid,2025-10-18,DEP-06,PRJ-106
INV-60503,2026-07-16,PO-40542,GRN-50550,V-1047,Panasonic Energy India,Batteries,263409.76,47413.76,310823.52,2026-07-31,Paid,2026-08-07,DEP-05,PRJ-105
INV-60504,2026-06-06,PO-40543,GRN-50551,V-1011,Greenply Industries,Carpentry,31111.86,5600.13,36711.99,2026-08-05,Paid,2026-08-16,DEP-04,PRJ-104
INV-60505,2025-11-07,PO-40544,GRN-50552,V-1001,Polycab India,Electrical,183816.96,33087.05,216904.01,2025-12-07,Paid,2025-12-08,DEP-03,PRJ-103
INV-60506,2025-10-09,PO-40545,GRN-50553,V-1043,Su-Kam Power Systems,Batteries,385439.22,69379.06,454818.28,2025-10-24,Paid,2025-11-01,DEP-03,PRJ-103
INV-60507,2025-11-07,PO-40546,GRN-50554,V-1051,Supreme Industries,Plumbing Materials,4483.37,807.01,5290.38,2025-12-07,Paid,2025-12-05,DEP-06,PRJ-106
INV-60508,2026-04-13,PO-40547,GRN-50555,V-1054,Ashirvad Pipes (Aliaxis),Plumbing Materials,169592.48,30526.65,200119.13,2026-04-28,Paid,2026-04-28,DEP-06,PRJ-106
INV-60509,2026-01-29,PO-40548,GRN-50556,V-1022,Ambuja Cements,Road Construction Materials,61408.22,11053.48,72461.7,2026-02-13,Paid,2026-02-07,DEP-06,PRJ-106
INV-60510,2026-06-22,PO-40549,GRN-50557,V-1015,Action Tesa,Carpentry,26855.08,4833.91,31688.99,2026-07-22,Paid,2026-07-14,DEP-02,PRJ-102
INV-60511,2026-06-24,PO-40550,GRN-50558,V-1054,Ashirvad Pipes (Aliaxis),Plumbing Materials,358549.84,64538.97,423088.81,2026-07-09,Paid,2026-07-03,DEP-04,PRJ-104
INV-60512,2025-12-25,PO-40551,GRN-50559,V-1059,Roto Pumps,Plumbing Materials,75057.16,13510.29,88567.45,2026-01-24,Paid,2026-01-27,DEP-06,PRJ-106
INV-60513,2025-11-26,PO-40552,GRN-50560,V-1024,JK Cement,Road Construction Materials,1893.34,340.8,2234.14,2025-12-26,Paid,2025-12-27,DEP-04,PRJ-104
INV-60514,2026-02-02,PO-40553,GRN-50561,V-1035,Premier Energies,Solar Panels,5163.88,929.5,6093.38,2026-02-17,Pending,,DEP-04,PRJ-104
INV-60515,2025-12-29,PO-40554,GRN-50562,V-1028,Birla Corporation,Road Construction Materials,4459.9,802.78,5262.68,2026-02-27,Paid,2026-02-28,DEP-02,PRJ-102
INV-60516,2026-07-29,PO-40555,GRN-50563,V-1041,Amara Raja Batteries (Amaron),Batteries,988107.87,177859.42,1165967.29,2026-08-28,Paid,2026-08-23,DEP-05,PRJ-105
INV-60517,2025-11-07,PO-40556,GRN-50564,V-1035,Premier Energies,Solar Panels,871.64,156.9,1028.54,2025-11-22,Paid,2025-11-19,DEP-06,PRJ-106
INV-60518,2025-11-06,PO-40556,GRN-50565,V-1035,Premier Energies,Solar Panels,958.81,172.59,1131.4,2025-11-21,Paid,2025-11-26,DEP-06,PRJ-106
INV-60519,2026-05-28,PO-40557,GRN-50566,V-1018,Ebco Private Ltd,Carpentry,1745.14,314.13,2059.27,2026-07-12,Paid,2026-07-17,DEP-01,PRJ-101
INV-60520,2026-08-11,PO-40558,GRN-50567,V-1011,Greenply Industries,Carpentry,31951.23,5751.22,37702.45,2026-10-10,Paid,2026-10-17,DEP-01,PRJ-101
INV-60521,2026-02-19,PO-40559,GRN-50568,V-1017,Hettich India,Carpentry,834.6,150.23,984.83,2026-04-05,Paid,2026-03-29,DEP-04,PRJ-104
INV-60522,2026-03-19,PO-40560,GRN-50569,V-1038,Websol Energy System,Solar Panels,151177.29,27211.91,178389.2,2026-05-03,Paid,2026-04-21,DEP-05,PRJ-105
INV-60523,2026-07-02,PO-40561,GRN-50570,V-1021,ACC Limited,Road Construction Materials,713602.82,128448.51,842051.33,2026-08-01,Paid,2026-08-08,DEP-02,PRJ-102
INV-60524,2026-05-07,PO-40562,GRN-50571,V-1033,Vikram Solar,Solar Panels,110365.77,19865.84,130231.61,2026-06-06,Paid,2026-06-15,DEP-04,PRJ-104
INV-60525,2026-03-19,PO-40564,GRN-50573,V-1042,Luminous Power Technologies,Batteries,222825.18,40108.53,262933.71,2026-04-18,Paid,2026-04-29,DEP-03,PRJ-103
INV-60526,2026-03-11,PO-40565,GRN-50574,V-1006,Legrand India,Electrical,878.67,158.16,1036.83,2026-04-25,Overdue,,DEP-03,PRJ-103
INV-60527,2026-03-20,PO-40566,GRN-50575,V-1023,Shree Cement,Road Construction Materials,666068.62,119892.35,785960.97,2026-05-04,Paid,2026-05-10,DEP-05,PRJ-105
INV-60528,2026-06-07,PO-40568,GRN-50576,V-1006,Legrand India,Electrical,250160.21,45028.84,295189.05,2026-07-22,Paid,2026-07-30,DEP-02,PRJ-102
INV-60529,2026-04-21,PO-40570,GRN-50577,V-1053,Prince Pipes,Plumbing Materials,509189.88,91654.18,600844.06,2026-05-06,Overdue,,DEP-02,PRJ-102
INV-60530,2025-09-22,PO-40571,GRN-50578,V-1024,JK Cement,Road Construction Materials,319993.51,57598.83,377592.34,2025-10-22,Paid,2025-10-27,DEP-03,PRJ-103
INV-60531,2026-04-16,PO-40573,GRN-50579,V-1051,Supreme Industries,Plumbing Materials,102042.29,18367.61,120409.9,2026-05-16,Paid,2026-05-25,DEP-03,PRJ-103
INV-60532,2026-01-10,PO-40574,GRN-50580,V-1020,UltraTech Cement,Road Construction Materials,907918.07,163425.25,1071343.32,2026-02-09,Paid,2026-02-16,DEP-01,PRJ-101
INV-60533,2026-01-13,PO-40574,GRN-50581,V-1020,UltraTech Cement,Road Construction Materials,961325.02,173038.5,1134363.52,2026-02-12,Paid,2026-02-12,DEP-01,PRJ-101
INV-60534,2026-07-25,PO-40575,GRN-50582,V-1030,Tata Power Solar,Solar Panels,28370.57,5106.7,33477.27,2026-09-23,Paid,2026-09-25,DEP-06,PRJ-106
INV-60535,2026-07-01,PO-40576,GRN-50583,V-1002,Finolex Cables,Electrical,1995.98,359.28,2355.26,2026-07-31,Paid,2026-08-13,DEP-03,PRJ-103
INV-60536,2026-06-24,PO-40577,GRN-50584,V-1051,Supreme Industries,Plumbing Materials,166741.29,30013.43,196754.72,2026-07-24,Paid,2026-07-24,DEP-04,PRJ-104
INV-60537,2026-03-17,PO-40578,GRN-50585,V-1055,CERA Sanitaryware,Plumbing Materials,12934.42,2328.2,15262.62,2026-04-16,Paid,2026-04-13,DEP-04,PRJ-104
INV-60538,2026-06-22,PO-40579,GRN-50586,V-1026,Tata Steel,Road Construction Materials,4008.29,721.49,4729.78,2026-08-21,Paid,2026-08-27,DEP-02,PRJ-102
INV-60539,2026-03-05,PO-40580,GRN-50587,V-1025,Dalmia Bharat Cement,Road Construction Materials,10457.54,1882.36,12339.9,2026-05-04,Paid,2026-05-07,DEP-06,PRJ-106
INV-60540,2025-11-20,PO-40581,GRN-50588,V-1059,Roto Pumps,Plumbing Materials,30967.3,5574.11,36541.41,2025-12-20,Paid,2025-12-15,DEP-06,PRJ-106
INV-60541,2025-10-10,PO-40582,GRN-50589,V-1051,Supreme Industries,Plumbing Materials,6793.55,1222.84,8016.39,2025-11-09,Paid,2025-11-08,DEP-06,PRJ-106
INV-60542,2025-10-03,PO-40583,GRN-50590,V-1001,Polycab India,Electrical,15245.39,2744.17,17989.56,2025-11-02,Paid,2025-10-26,DEP-06,PRJ-106
INV-60543,2026-08-21,PO-40584,GRN-50591,V-1015,Action Tesa,Carpentry,9272.84,1669.11,10941.95,2026-09-20,Paid,2026-09-26,DEP-02,PRJ-102
INV-60544,2026-07-13,PO-40585,GRN-50592,V-1004,V-Guard Industries,Electrical,1406.8,253.22,1660.02,2026-08-12,Paid,2026-08-23,DEP-03,PRJ-103
INV-60545,2026-07-19,PO-40586,GRN-50593,V-1008,KEI Industries,Electrical,22097.07,3977.47,26074.54,2026-08-18,Paid,2026-08-19,DEP-02,PRJ-102
INV-60546,2026-03-19,PO-40587,GRN-50594,V-1001,Polycab India,Electrical,40924.09,7366.34,48290.43,2026-04-18,Pending,,DEP-04,PRJ-104
INV-60547,2025-10-22,PO-40588,GRN-50595,V-1052,Finolex Pipes,Plumbing Materials,142287.03,25611.67,167898.7,2025-12-06,Paid,2025-12-06,DEP-05,PRJ-105
INV-60548,2025-11-17,PO-40589,GRN-50596,V-1047,Panasonic Energy India,Batteries,5909255.35,1063665.96,6972921.31,2025-12-02,Paid,2025-12-02,DEP-06,PRJ-106
INV-60549,2026-01-02,PO-40590,GRN-50597,V-1001,Polycab India,Electrical,28831.85,5189.73,34021.58,2026-02-01,Paid,2026-02-09,DEP-02,PRJ-102
INV-60550,2026-05-31,PO-40591,GRN-50598,V-1004,V-Guard Industries,Electrical,668.62,120.35,788.97,2026-06-30,Overdue,,DEP-06,PRJ-106
INV-60551,2026-04-27,PO-40592,GRN-50599,V-1002,Finolex Cables,Electrical,23983.87,4317.1,28300.97,2026-05-27,Paid,2026-06-07,DEP-04,PRJ-104
INV-60552,2026-01-12,PO-40594,GRN-50600,V-1045,HBL Power Systems,Batteries,98238.48,17682.93,115921.41,2026-02-26,Paid,2026-02-20,DEP-04,PRJ-104
INV-60553,2026-05-10,PO-40595,GRN-50601,V-1024,JK Cement,Road Construction Materials,28967.46,5214.14,34181.6,2026-06-09,Paid,2026-06-13,DEP-04,PRJ-104
INV-60554,2025-12-07,PO-40596,GRN-50602,V-1006,Legrand India,Electrical,34133.63,6144.05,40277.68,2026-01-21,Paid,2026-02-02,DEP-03,PRJ-103
INV-60555,2025-12-08,PO-40597,GRN-50603,V-1029,L&T Construction Materials,Road Construction Materials,12612.38,2270.23,14882.61,2026-01-07,Paid,2026-01-08,DEP-06,PRJ-106
INV-60556,2025-11-20,PO-40598,GRN-50604,V-1050,Astral Pipes,Plumbing Materials,1263.13,227.36,1490.49,2026-01-19,Paid,2026-01-20,DEP-06,PRJ-106
INV-60557,2026-07-19,PO-40599,GRN-50605,V-1044,Okaya Power,Batteries,913726.89,164470.84,1078197.73,2026-08-03,Paid,2026-07-28,DEP-02,PRJ-102
INV-60558,2026-08-03,PO-40599,GRN-50606,V-1044,Okaya Power,Batteries,1027942.75,185029.7,1212972.45,2026-08-18,Paid,2026-08-29,DEP-02,PRJ-102
INV-60559,2026-02-02,PO-40600,GRN-50607,V-1023,Shree Cement,Road Construction Materials,5595.27,1007.15,6602.42,2026-03-19,Paid,2026-03-24,DEP-02,PRJ-102
INV-60560,2025-11-28,PO-40601,GRN-50608,V-1000,Havells India,Electrical,2471.59,444.89,2916.48,2025-12-13,Paid,2025-12-12,DEP-01,PRJ-101
INV-60561,2025-12-15,PO-40602,GRN-50609,V-1045,HBL Power Systems,Batteries,3562126.43,641182.76,4203309.19,2026-01-29,Paid,2026-02-03,DEP-05,PRJ-105
INV-60562,2025-11-03,PO-40603,GRN-50610,V-1044,Okaya Power,Batteries,104681.19,18842.61,123523.8,2025-11-18,Paid,2025-11-25,DEP-04,PRJ-104
INV-60563,2026-03-31,PO-40605,GRN-50612,V-1045,HBL Power Systems,Batteries,355210.24,63937.84,419148.08,2026-05-15,Pending,,DEP-06,PRJ-106
INV-60564,2026-06-16,PO-40606,GRN-50613,V-1021,ACC Limited,Road Construction Materials,77735.09,13992.32,91727.41,2026-07-16,Paid,2026-07-20,DEP-05,PRJ-105
INV-60565,2025-12-02,PO-40607,GRN-50614,V-1027,JSW Steel,Road Construction Materials,310511.24,55892.02,366403.26,2026-01-01,Paid,2026-01-02,DEP-04,PRJ-104
INV-60566,2025-11-20,PO-40608,GRN-50615,V-1027,JSW Steel,Road Construction Materials,189124.86,34042.47,223167.33,2025-12-20,Paid,2025-12-17,DEP-06,PRJ-106
INV-60567,2026-08-09,PO-40609,GRN-50616,V-1043,Su-Kam Power Systems,Batteries,23266.54,4187.98,27454.52,2026-08-24,Paid,2026-08-24,DEP-01,PRJ-101
INV-60568,2026-06-24,PO-40610,GRN-50617,V-1025,Dalmia Bharat Cement,Road Construction Materials,339379.22,61088.26,400467.48,2026-08-23,Paid,2026-08-26,DEP-02,PRJ-102
INV-60569,2026-04-30,PO-40611,GRN-50618,V-1001,Polycab India,Electrical,2243.55,403.84,2647.39,2026-05-30,Pending,,DEP-03,PRJ-103
INV-60570,2025-12-12,PO-40612,GRN-50619,V-1049,Exicom Power Solutions,Batteries,402718.47,72489.32,475207.79,2026-01-11,Paid,2026-01-11,DEP-04,PRJ-104
INV-60571,2026-08-08,PO-40613,GRN-50620,V-1009,Orient Electric,Electrical,4568.95,822.41,5391.36,2026-08-23,Paid,2026-08-29,DEP-02,PRJ-102
INV-60572,2025-10-30,PO-40614,GRN-50621,V-1051,Supreme Industries,Plumbing Materials,34699.67,6245.94,40945.61,2025-11-29,Paid,2025-11-26,DEP-06,PRJ-106
INV-60573,2026-03-11,PO-40615,GRN-50622,V-1039,Loom Solar,Solar Panels,95803.13,17244.56,113047.69,2026-04-10,Paid,2026-04-05,DEP-04,PRJ-104
INV-60574,2026-08-24,PO-40616,GRN-50623,V-1031,Waaree Energies,Solar Panels,19678.26,3542.09,23220.35,2026-09-23,Paid,2026-10-02,DEP-06,PRJ-106
INV-60575,2026-09-02,PO-40616,GRN-50624,V-1031,Waaree Energies,Solar Panels,19678.26,3542.09,23220.35,2026-10-02,Paid,2026-09-27,DEP-06,PRJ-106
INV-60576,2026-02-05,PO-40617,GRN-50625,V-1051,Supreme Industries,Plumbing Materials,136165.46,24509.78,160675.24,2026-03-07,Paid,2026-02-26,DEP-01,PRJ-101
INV-60577,2026-07-02,PO-40618,GRN-50626,V-1021,ACC Limited,Road Construction Materials,25947.66,4670.58,30618.24,2026-08-01,Paid,2026-08-09,DEP-06,PRJ-106
INV-60578,2026-03-08,PO-40619,GRN-50627,V-1036,Emmvee Solar,Solar Panels,332517.41,59853.13,392370.54,2026-04-22,Paid,2026-05-04,DEP-04,PRJ-104
INV-60579,2026-03-16,PO-40620,GRN-50628,V-1024,JK Cement,Road Construction Materials,80637.98,14514.84,95152.82,2026-04-15,Paid,2026-04-21,DEP-06,PRJ-106
INV-60580,2026-06-22,PO-40621,GRN-50629,V-1021,ACC Limited,Road Construction Materials,52349.96,9422.99,61772.95,2026-07-22,Paid,2026-08-04,DEP-01,PRJ-101
INV-60581,2026-03-17,PO-40622,GRN-50630,V-1048,Base Corporation,Batteries,270789.53,48742.12,319531.65,2026-04-16,Overdue,,DEP-03,PRJ-103
INV-60582,2026-01-22,PO-40624,GRN-50631,V-1023,Shree Cement,Road Construction Materials,2596.14,467.31,3063.45,2026-03-08,Paid,2026-03-03,DEP-02,PRJ-102
INV-60583,2025-12-31,PO-40625,GRN-50632,V-1036,Emmvee Solar,Solar Panels,938.7,168.97,1107.67,2026-02-14,Paid,2026-02-19,DEP-04,PRJ-104
INV-60584,2025-12-31,PO-40625,GRN-50633,V-1036,Emmvee Solar,Solar Panels,938.7,168.97,1107.67,2026-02-14,Paid,2026-02-25,DEP-04,PRJ-104
INV-60585,2026-05-15,PO-40626,GRN-50634,V-1058,Kajaria Ceramics,Plumbing Materials,414614.13,74630.54,489244.67,2026-07-14,Paid,2026-07-12,DEP-01,PRJ-101
INV-60586,2026-02-07,PO-40627,GRN-50635,V-1002,Finolex Cables,Electrical,1937.41,348.73,2286.14,2026-03-09,Pending,,DEP-03,PRJ-103
INV-60587,2026-04-24,PO-40629,GRN-50637,V-1035,Premier Energies,Solar Panels,58731.63,10571.69,69303.32,2026-05-09,Paid,2026-05-11,DEP-05,PRJ-105
INV-60588,2026-06-13,PO-40630,GRN-50638,V-1025,Dalmia Bharat Cement,Road Construction Materials,1288010.1,231841.82,1519851.92,2026-08-12,Paid,2026-08-14,DEP-03,PRJ-103
INV-60589,2026-08-10,PO-40631,GRN-50639,V-1052,Finolex Pipes,Plumbing Materials,24067.17,4332.09,28399.26,2026-09-24,Paid,2026-09-21,DEP-01,PRJ-101
INV-60590,2026-02-26,PO-40632,GRN-50640,V-1051,Supreme Industries,Plumbing Materials,11310.89,2035.96,13346.85,2026-03-28,Paid,2026-04-10,DEP-01,PRJ-101
INV-60591,2026-03-18,PO-40633,GRN-50641,V-1036,Emmvee Solar,Solar Panels,333111.26,59960.03,393071.29,2026-05-02,Paid,2026-04-23,DEP-01,PRJ-101
INV-60592,2026-02-26,PO-40634,GRN-50642,V-1003,Anchor by Panasonic,Electrical,146021.86,26283.93,172305.79,2026-03-13,Paid,2026-03-14,DEP-05,PRJ-105
INV-60593,2026-05-19,PO-40635,GRN-50643,V-1000,Havells India,Electrical,1129.4,203.29,1332.69,2026-06-03,Paid,2026-06-04,DEP-04,PRJ-104
INV-60594,2026-02-22,PO-40636,GRN-50644,V-1038,Websol Energy System,Solar Panels,431647.14,77696.49,509343.63,2026-04-08,Paid,2026-04-12,DEP-01,PRJ-101
INV-60595,2026-06-28,PO-40637,GRN-50645,V-1011,Greenply Industries,Carpentry,3403.78,612.68,4016.46,2026-08-27,Paid,2026-08-24,DEP-06,PRJ-106
INV-60596,2026-01-23,PO-40638,GRN-50646,V-1034,Goldi Solar,Solar Panels,1836.15,330.51,2166.66,2026-02-22,Paid,2026-02-23,DEP-02,PRJ-102
INV-60597,2025-09-30,PO-40639,GRN-50647,V-1031,Waaree Energies,Solar Panels,74894.0,13480.92,88374.92,2025-10-30,Paid,2025-11-09,DEP-01,PRJ-101
INV-60598,2026-02-20,PO-40640,GRN-50648,V-1023,Shree Cement,Road Construction Materials,6859.75,1234.75,8094.5,2026-04-06,Paid,2026-04-03,DEP-06,PRJ-106
INV-60599,2026-01-18,PO-40641,GRN-50649,V-1010,Century Plyboards,Carpentry,19871.78,3576.92,23448.7,2026-03-04,Overdue,,DEP-04,PRJ-104
INV-60600,2026-04-12,PO-40642,GRN-50650,V-1013,Archidply Industries,Carpentry,149232.0,26861.76,176093.76,2026-05-12,Paid,2026-05-23,DEP-04,PRJ-104
INV-60601,2025-10-17,PO-40643,GRN-50651,V-1005,Crompton Greaves Consumer,Electrical,223085.31,40155.36,263240.67,2025-11-16,Paid,2025-11-13,DEP-03,PRJ-103
INV-60602,2026-02-06,PO-40645,GRN-50653,V-1047,Panasonic Energy India,Batteries,89122.69,16042.08,105164.77,2026-02-21,Paid,2026-02-25,DEP-06,PRJ-106
INV-60603,2026-05-17,PO-40646,GRN-50654,V-1023,Shree Cement,Road Construction Materials,1544103.34,277938.6,1822041.94,2026-07-01,Paid,2026-07-05,DEP-04,PRJ-104
INV-60604,2026-08-26,PO-40647,GRN-50655,V-1023,Shree Cement,Road Construction Materials,11373.17,2047.17,13420.34,2026-10-10,Paid,2026-10-23,DEP-02,PRJ-102
INV-60605,2026-02-10,PO-40648,GRN-50656,V-1023,Shree Cement,Road Construction Materials,14234.45,2562.2,16796.65,2026-03-27,Paid,2026-03-24,DEP-02,PRJ-102
INV-60606,2025-10-19,PO-40649,GRN-50657,V-1055,CERA Sanitaryware,Plumbing Materials,3946.92,710.45,4657.37,2025-11-18,Overdue,,DEP-06,PRJ-106
INV-60607,2026-02-17,PO-40650,GRN-50658,V-1021,ACC Limited,Road Construction Materials,25368.42,4566.32,29934.74,2026-03-19,Pending,,DEP-04,PRJ-104
INV-60608,2025-12-03,PO-40651,GRN-50659,V-1005,Crompton Greaves Consumer,Electrical,14521.63,2613.89,17135.52,2026-01-02,Overdue,,DEP-04,PRJ-104
INV-60609,2026-02-18,PO-40653,GRN-50661,V-1007,Schneider Electric India,Electrical,11119.42,2001.5,13120.92,2026-03-20,Paid,2026-03-17,DEP-02,PRJ-102
INV-60610,2026-04-12,PO-40654,GRN-50662,V-1058,Kajaria Ceramics,Plumbing Materials,243756.99,43876.26,287633.25,2026-06-11,Paid,2026-06-07,DEP-02,PRJ-102
INV-60611,2026-03-29,PO-40655,GRN-50663,V-1010,Century Plyboards,Carpentry,50045.35,9008.16,59053.51,2026-05-13,Paid,2026-05-13,DEP-01,PRJ-101
INV-60612,2026-05-04,PO-40656,GRN-50664,V-1058,Kajaria Ceramics,Plumbing Materials,4341.29,781.43,5122.72,2026-07-03,Paid,2026-06-27,DEP-06,PRJ-106
INV-60613,2025-12-25,PO-40657,GRN-50665,V-1001,Polycab India,Electrical,2956.26,532.13,3488.39,2026-01-24,Paid,2026-01-31,DEP-05,PRJ-105
INV-60614,2026-01-25,PO-40658,GRN-50666,V-1021,ACC Limited,Road Construction Materials,48278.83,8690.19,56969.02,2026-02-24,Paid,2026-02-28,DEP-02,PRJ-102
INV-60615,2026-02-02,PO-40658,GRN-50667,V-1021,ACC Limited,Road Construction Materials,48278.83,8690.19,56969.02,2026-03-04,Paid,2026-02-26,DEP-02,PRJ-102
INV-60616,2026-05-06,PO-40659,GRN-50668,V-1035,Premier Energies,Solar Panels,2965.85,533.85,3499.7,2026-05-21,Overdue,,DEP-01,PRJ-101
INV-60617,2026-04-30,PO-40660,GRN-50669,V-1055,CERA Sanitaryware,Plumbing Materials,30131.15,5423.61,35554.76,2026-05-30,Paid,2026-06-01,DEP-04,PRJ-104
INV-60618,2026-02-11,PO-40661,GRN-50670,V-1028,Birla Corporation,Road Construction Materials,20460.85,3682.95,24143.8,2026-04-12,Paid,2026-04-08,DEP-01,PRJ-101
INV-60619,2026-02-08,PO-40664,GRN-50671,V-1035,Premier Energies,Solar Panels,20840.97,3751.37,24592.34,2026-02-23,Paid,2026-03-03,DEP-03,PRJ-103
INV-60620,2026-08-04,PO-40665,GRN-50672,V-1027,JSW Steel,Road Construction Materials,20752.21,3735.4,24487.61,2026-09-03,Paid,2026-09-06,DEP-01,PRJ-101
INV-60621,2026-05-30,PO-40666,GRN-50673,V-1029,L&T Construction Materials,Road Construction Materials,78165.04,14069.71,92234.75,2026-06-29,Paid,2026-06-24,DEP-03,PRJ-103
INV-60622,2026-02-24,PO-40667,GRN-50674,V-1026,Tata Steel,Road Construction Materials,5106.64,919.2,6025.84,2026-04-25,Paid,2026-04-16,DEP-04,PRJ-104
INV-60623,2026-08-06,PO-40668,GRN-50675,V-1025,Dalmia Bharat Cement,Road Construction Materials,38681.64,6962.7,45644.34,2026-10-05,Paid,2026-10-07,DEP-03,PRJ-103
INV-60624,2026-08-06,PO-40669,GRN-50676,V-1022,Ambuja Cements,Road Construction Materials,4952.1,891.38,5843.48,2026-08-21,Overdue,,DEP-02,PRJ-102
INV-60625,2026-05-30,PO-40670,GRN-50677,V-1028,Birla Corporation,Road Construction Materials,3461015.54,622982.8,4083998.34,2026-07-29,Paid,2026-07-25,DEP-01,PRJ-101
INV-60626,2026-01-20,PO-40671,GRN-50678,V-1002,Finolex Cables,Electrical,1739.77,313.16,2052.93,2026-02-19,Paid,2026-03-04,DEP-01,PRJ-101
INV-60627,2026-07-21,PO-40672,GRN-50679,V-1009,Orient Electric,Electrical,19852.25,3573.4,23425.65,2026-08-05,Paid,2026-08-13,DEP-05,PRJ-105
INV-60628,2026-08-03,PO-40672,GRN-50680,V-1009,Orient Electric,Electrical,21270.27,3828.65,25098.92,2026-08-18,Paid,2026-08-24,DEP-05,PRJ-105
INV-60629,2025-11-22,PO-40673,GRN-50681,V-1056,Jaquar Group,Plumbing Materials,317117.43,57081.14,374198.57,2025-12-07,Paid,2025-12-12,DEP-03,PRJ-103
INV-60630,2026-07-30,PO-40674,GRN-50682,V-1044,Okaya Power,Batteries,205010.05,36901.81,241911.86,2026-08-14,Paid,2026-08-11,DEP-03,PRJ-103
INV-60631,2025-10-19,PO-40675,GRN-50683,V-1040,Exide Industries,Batteries,215688.97,38824.01,254512.98,2025-12-03,Paid,2025-11-26,DEP-03,PRJ-103
INV-60632,2025-10-25,PO-40676,GRN-50684,V-1044,Okaya Power,Batteries,24150.45,4347.08,28497.53,2025-11-09,Paid,2025-11-09,DEP-04,PRJ-104
INV-60633,2026-05-06,PO-40677,GRN-50685,V-1001,Polycab India,Electrical,29351.09,5283.2,34634.29,2026-06-05,Paid,2026-06-09,DEP-01,PRJ-101
INV-60634,2026-02-24,PO-40678,GRN-50686,V-1033,Vikram Solar,Solar Panels,46061.47,8291.06,54352.53,2026-03-26,Paid,2026-03-25,DEP-01,PRJ-101
INV-60635,2026-03-02,PO-40678,GRN-50687,V-1033,Vikram Solar,Solar Panels,48940.31,8809.26,57749.57,2026-04-01,Paid,2026-04-01,DEP-01,PRJ-101
INV-60636,2026-02-28,PO-40679,GRN-50688,V-1045,HBL Power Systems,Batteries,182686.66,32883.6,215570.26,2026-04-14,Paid,2026-04-24,DEP-03,PRJ-103
INV-60637,2026-03-05,PO-40679,GRN-50689,V-1045,HBL Power Systems,Batteries,182686.66,32883.6,215570.26,2026-04-19,Overdue,,DEP-03,PRJ-103
INV-60638,2026-03-13,PO-40681,GRN-50691,V-1056,Jaquar Group,Plumbing Materials,3252.18,585.39,3837.57,2026-03-28,Paid,2026-03-27,DEP-06,PRJ-106
INV-60639,2025-09-17,PO-40682,GRN-50692,V-1054,Ashirvad Pipes (Aliaxis),Plumbing Materials,1320.45,237.68,1558.13,2025-10-02,Paid,2025-10-03,DEP-06,PRJ-106
INV-60640,2025-10-20,PO-40683,GRN-50693,V-1010,Century Plyboards,Carpentry,18817.9,3387.22,22205.12,2025-12-04,Paid,2025-12-04,DEP-02,PRJ-102
INV-60641,2026-06-16,PO-40684,GRN-50694,V-1031,Waaree Energies,Solar Panels,195992.52,35278.65,231271.17,2026-07-16,Paid,2026-07-16,DEP-01,PRJ-101
INV-60642,2025-11-15,PO-40685,GRN-50695,V-1025,Dalmia Bharat Cement,Road Construction Materials,3181.71,572.71,3754.42,2026-01-14,Paid,2026-01-11,DEP-01,PRJ-101
INV-60643,2025-09-25,PO-40686,GRN-50696,V-1006,Legrand India,Electrical,104494.52,18809.01,123303.53,2025-11-09,Paid,2025-11-11,DEP-06,PRJ-106
INV-60644,2025-12-06,PO-40687,GRN-50697,V-1022,Ambuja Cements,Road Construction Materials,757123.55,136282.24,893405.79,2025-12-21,Paid,2025-12-25,DEP-05,PRJ-105
INV-60645,2025-09-26,PO-40688,GRN-50698,V-1027,JSW Steel,Road Construction Materials,542149.93,97586.99,639736.92,2025-10-26,Paid,2025-11-02,DEP-04,PRJ-104
INV-60646,2025-11-28,PO-40689,GRN-50699,V-1058,Kajaria Ceramics,Plumbing Materials,878.95,158.21,1037.16,2026-01-27,Paid,2026-02-04,DEP-02,PRJ-102
INV-60647,2026-04-07,PO-40690,GRN-50700,V-1004,V-Guard Industries,Electrical,1859.71,334.75,2194.46,2026-05-07,Paid,2026-04-27,DEP-02,PRJ-102
INV-60648,2025-12-19,PO-40691,GRN-50701,V-1022,Ambuja Cements,Road Construction Materials,746822.63,134428.07,881250.7,2026-01-03,Paid,2026-01-08,DEP-04,PRJ-104
INV-60649,2025-12-19,PO-40691,GRN-50702,V-1022,Ambuja Cements,Road Construction Materials,746822.63,134428.07,881250.7,2026-01-03,Paid,2026-01-08,DEP-04,PRJ-104
INV-60650,2026-01-01,PO-40692,GRN-50703,V-1043,Su-Kam Power Systems,Batteries,55901.47,10062.26,65963.73,2026-01-16,Paid,2026-01-16,DEP-03,PRJ-103
INV-60651,2026-07-23,PO-40693,GRN-50704,V-1040,Exide Industries,Batteries,223719.33,40269.48,263988.81,2026-09-06,Paid,2026-09-16,DEP-04,PRJ-104
INV-60652,2026-06-19,PO-40694,GRN-50705,V-1049,Exicom Power Solutions,Batteries,405983.2,73076.98,479060.18,2026-07-19,Paid,2026-07-28,DEP-03,PRJ-103
INV-60653,2026-02-10,PO-40696,GRN-50706,V-1032,Adani Solar,Solar Panels,25461.69,4583.1,30044.79,2026-04-11,Paid,2026-04-07,DEP-03,PRJ-103
INV-60654,2026-08-22,PO-40697,GRN-50707,V-1047,Panasonic Energy India,Batteries,54543.3,9817.79,64361.09,2026-09-06,Paid,2026-09-10,DEP-01,PRJ-101
INV-60655,2026-04-06,PO-40698,GRN-50708,V-1058,Kajaria Ceramics,Plumbing Materials,51698.44,9305.72,61004.16,2026-06-05,Paid,2026-06-10,DEP-01,PRJ-101
INV-60656,2025-11-11,PO-40699,GRN-50709,V-1021,ACC Limited,Road Construction Materials,42021.94,7563.95,49585.89,2025-12-11,Paid,2025-12-11,DEP-04,PRJ-104
INV-60657,2026-08-10,PO-40700,GRN-50710,V-1012,Kitply Industries,Carpentry,2423.72,436.27,2859.99,2026-08-25,Paid,2026-08-22,DEP-04,PRJ-104
INV-60658,2026-07-28,PO-40701,GRN-50711,V-1007,Schneider Electric India,Electrical,641.8,115.52,757.32,2026-08-27,Paid,2026-09-06,DEP-02,PRJ-102
INV-60659,2026-08-07,PO-40701,GRN-50712,V-1007,Schneider Electric India,Electrical,700.14,126.03,826.17,2026-09-06,Paid,2026-09-04,DEP-02,PRJ-102
INV-60660,2026-04-06,PO-40702,GRN-50713,V-1058,Kajaria Ceramics,Plumbing Materials,1652.16,297.39,1949.55,2026-06-05,Paid,2026-06-02,DEP-06,PRJ-106
INV-60661,2025-12-19,PO-40703,GRN-50714,V-1044,Okaya Power,Batteries,103493.72,18628.87,122122.59,2026-01-03,Paid,2026-01-09,DEP-05,PRJ-105
INV-60662,2026-07-16,PO-40704,GRN-50715,V-1046,Livguard Energy,Batteries,101837.22,18330.7,120167.92,2026-07-31,Paid,2026-07-31,DEP-06,PRJ-106
INV-60663,2026-06-23,PO-40705,GRN-50716,V-1032,Adani Solar,Solar Panels,3696.48,665.37,4361.85,2026-08-22,Paid,2026-08-23,DEP-05,PRJ-105
INV-60664,2025-12-17,PO-40706,GRN-50717,V-1012,Kitply Industries,Carpentry,12384.02,2229.12,14613.14,2026-01-01,Paid,2025-12-30,DEP-02,PRJ-102
INV-60665,2026-06-22,PO-40707,GRN-50718,V-1018,Ebco Private Ltd,Carpentry,21015.44,3782.78,24798.22,2026-08-06,Paid,2026-08-14,DEP-01,PRJ-101
INV-60666,2025-10-17,PO-40708,GRN-50719,V-1029,L&T Construction Materials,Road Construction Materials,38745.03,6974.11,45719.14,2025-11-16,Paid,2025-11-03,DEP-01,PRJ-101
INV-60667,2026-01-05,PO-40710,GRN-50720,V-1006,Legrand India,Electrical,6531.49,1175.67,7707.16,2026-02-19,Paid,2026-02-16,DEP-04,PRJ-104
INV-60668,2026-08-18,PO-40711,GRN-50721,V-1054,Ashirvad Pipes (Aliaxis),Plumbing Materials,7666.71,1380.01,9046.72,2026-09-02,Paid,2026-09-08,DEP-04,PRJ-104
INV-60669,2026-02-20,PO-40712,GRN-50722,V-1051,Supreme Industries,Plumbing Materials,45109.24,8119.66,53228.9,2026-03-22,Paid,2026-03-22,DEP-02,PRJ-102
INV-60670,2025-11-24,PO-40713,GRN-50723,V-1008,KEI Industries,Electrical,56955.42,10251.98,67207.4,2025-12-24,Paid,2025-12-26,DEP-05,PRJ-105
INV-60671,2026-08-04,PO-40715,GRN-50724,V-1024,JK Cement,Road Construction Materials,1442333.17,259619.97,1701953.14,2026-09-03,Paid,2026-09-03,DEP-04,PRJ-104
INV-60672,2026-01-29,PO-40716,GRN-50725,V-1027,JSW Steel,Road Construction Materials,38484.58,6927.22,45411.8,2026-02-28,Paid,2026-02-28,DEP-02,PRJ-102
INV-60673,2026-07-20,PO-40717,GRN-50726,V-1048,Base Corporation,Batteries,84968.38,15294.31,100262.69,2026-08-19,Paid,2026-08-26,DEP-03,PRJ-103
INV-60674,2025-11-17,PO-40718,GRN-50727,V-1022,Ambuja Cements,Road Construction Materials,122444.2,22039.96,144484.16,2025-12-02,Paid,2025-12-05,DEP-05,PRJ-105
INV-60675,2026-02-28,PO-40719,GRN-50728,V-1050,Astral Pipes,Plumbing Materials,14940.6,2689.31,17629.91,2026-04-29,Paid,2026-04-25,DEP-04,PRJ-104
INV-60676,2025-12-04,PO-40720,GRN-50729,V-1011,Greenply Industries,Carpentry,25946.8,4670.42,30617.22,2026-02-02,Paid,2026-02-14,DEP-02,PRJ-102
INV-60677,2026-03-28,PO-40721,GRN-50730,V-1000,Havells India,Electrical,60626.55,10912.78,71539.33,2026-04-12,Paid,2026-04-18,DEP-02,PRJ-102
INV-60678,2025-11-03,PO-40722,GRN-50731,V-1044,Okaya Power,Batteries,223335.46,40200.38,263535.84,2025-11-18,Paid,2025-11-26,DEP-04,PRJ-104
INV-60679,2025-12-06,PO-40723,GRN-50732,V-1006,Legrand India,Electrical,609.55,109.72,719.27,2026-01-20,Paid,2026-01-14,DEP-03,PRJ-103
INV-60680,2026-02-21,PO-40724,GRN-50733,V-1018,Ebco Private Ltd,Carpentry,6640.43,1195.28,7835.71,2026-04-07,Paid,2026-04-11,DEP-01,PRJ-101
INV-60681,2026-03-03,PO-40724,GRN-50734,V-1018,Ebco Private Ltd,Carpentry,6640.43,1195.28,7835.71,2026-04-17,Paid,2026-04-20,DEP-01,PRJ-101
INV-60682,2026-05-09,PO-40725,GRN-50735,V-1022,Ambuja Cements,Road Construction Materials,5604.14,1008.75,6612.89,2026-05-24,Pending,,DEP-03,PRJ-103
INV-60683,2025-10-03,PO-40726,GRN-50736,V-1011,Greenply Industries,Carpentry,100092.81,18016.71,118109.52,2025-12-02,Paid,2025-11-30,DEP-06,PRJ-106
INV-60684,2026-07-27,PO-40727,GRN-50737,V-1059,Roto Pumps,Plumbing Materials,3770.67,678.72,4449.39,2026-08-26,Paid,2026-09-01,DEP-05,PRJ-105
INV-60685,2026-01-24,PO-40728,GRN-50739,V-1034,Goldi Solar,Solar Panels,73235.58,13182.4,86417.98,2026-02-23,Paid,2026-02-23,DEP-01,PRJ-101
INV-60686,2025-12-26,PO-40729,GRN-50740,V-1000,Havells India,Electrical,39259.14,7066.65,46325.79,2026-01-10,Paid,2026-01-17,DEP-03,PRJ-103
INV-60687,2026-02-22,PO-40730,GRN-50741,V-1020,UltraTech Cement,Road Construction Materials,57443.78,10339.88,67783.66,2026-03-24,Paid,2026-03-27,DEP-02,PRJ-102
INV-60688,2026-05-30,PO-40731,GRN-50742,V-1026,Tata Steel,Road Construction Materials,2201037.97,396186.83,2597224.8,2026-07-29,Paid,2026-08-12,DEP-05,PRJ-105
INV-60689,2026-07-12,PO-40734,GRN-50745,V-1008,KEI Industries,Electrical,50943.45,9169.82,60113.27,2026-08-11,Paid,2026-08-28,DEP-04,PRJ-104
INV-60690,2025-12-07,PO-40735,GRN-50746,V-1006,Legrand India,Electrical,74484.85,13407.27,87892.12,2026-01-21,Paid,2026-01-26,DEP-01,PRJ-101
INV-60691,2026-06-09,PO-40736,GRN-50747,V-1005,Crompton Greaves Consumer,Electrical,9819.61,1767.53,11587.14,2026-07-09,Paid,2026-07-05,DEP-06,PRJ-106
INV-60692,2026-06-27,PO-40737,GRN-50748,V-1046,Livguard Energy,Batteries,84139.42,15145.1,99284.52,2026-07-12,Paid,2026-07-14,DEP-01,PRJ-101
INV-60693,2026-02-07,PO-40738,GRN-50749,V-1022,Ambuja Cements,Road Construction Materials,1452072.28,261373.01,1713445.29,2026-02-22,Paid,2026-03-08,DEP-03,PRJ-103
INV-60694,2025-09-28,PO-40739,GRN-50750,V-1033,Vikram Solar,Solar Panels,177180.54,31892.5,209073.04,2025-10-28,Paid,2025-10-20,DEP-06,PRJ-106
INV-60695,2026-07-18,PO-40740,GRN-50751,V-1054,Ashirvad Pipes (Aliaxis),Plumbing Materials,321287.29,57831.71,379119.0,2026-08-02,Paid,2026-08-12,DEP-04,PRJ-104
INV-60696,2025-11-23,PO-40741,GRN-50752,V-1036,Emmvee Solar,Solar Panels,32570.33,5862.66,38432.99,2026-01-07,Paid,2026-01-04,DEP-06,PRJ-106
INV-60697,2025-12-03,PO-40742,GRN-50753,V-1026,Tata Steel,Road Construction Materials,774695.49,139445.19,914140.68,2026-02-01,Paid,2026-01-19,DEP-01,PRJ-101
INV-60698,2025-10-21,PO-40743,GRN-50754,V-1024,JK Cement,Road Construction Materials,20914.33,3764.58,24678.91,2025-11-20,Paid,2025-11-29,DEP-01,PRJ-101
INV-60699,2025-09-29,PO-40744,GRN-50755,V-1022,Ambuja Cements,Road Construction Materials,12107.37,2179.33,14286.7,2025-10-14,Paid,2025-10-19,DEP-02,PRJ-102
INV-60700,2026-01-31,PO-40745,GRN-50756,V-1009,Orient Electric,Electrical,22721.48,4089.87,26811.35,2026-02-15,Paid,2026-02-12,DEP-01,PRJ-101
INV-60701,2025-11-18,PO-40746,GRN-50757,V-1029,L&T Construction Materials,Road Construction Materials,13626.07,2452.69,16078.76,2025-12-18,Overdue,,DEP-01,PRJ-101
INV-60702,2026-06-02,PO-40747,GRN-50758,V-1041,Amara Raja Batteries (Amaron),Batteries,4694.51,845.01,5539.52,2026-07-02,Paid,2026-07-06,DEP-01,PRJ-101
INV-60703,2026-06-03,PO-40747,GRN-50759,V-1041,Amara Raja Batteries (Amaron),Batteries,5281.32,950.64,6231.96,2026-07-03,Paid,2026-07-07,DEP-01,PRJ-101
INV-60704,2026-02-12,PO-40749,GRN-50761,V-1007,Schneider Electric India,Electrical,216.25,38.92,255.17,2026-03-14,Paid,2026-03-19,DEP-02,PRJ-102
INV-60705,2025-10-07,PO-40750,GRN-50762,V-1042,Luminous Power Technologies,Batteries,85740.46,15433.28,101173.74,2025-11-06,Paid,2025-11-07,DEP-03,PRJ-103
INV-60706,2025-12-06,PO-40751,GRN-50763,V-1040,Exide Industries,Batteries,142550.02,25659.0,168209.02,2026-01-20,Paid,2026-01-16,DEP-03,PRJ-103
INV-60707,2026-02-02,PO-40752,GRN-50764,V-1039,Loom Solar,Solar Panels,5319644.82,957536.07,6277180.89,2026-03-04,Paid,2026-03-05,DEP-02,PRJ-102
INV-60708,2025-12-25,PO-40753,GRN-50765,V-1031,Waaree Energies,Solar Panels,271114.46,48800.6,319915.06,2026-01-24,Paid,2026-02-06,DEP-03,PRJ-103
INV-60709,2026-06-21,PO-40754,GRN-50766,V-1048,Base Corporation,Batteries,296488.84,53367.99,349856.83,2026-07-21,Paid,2026-07-22,DEP-06,PRJ-106
INV-60710,2025-12-30,PO-40755,GRN-50767,V-1009,Orient Electric,Electrical,8542.37,1537.63,10080.0,2026-01-14,Overdue,,DEP-02,PRJ-102
INV-60711,2025-10-02,PO-40756,GRN-50768,V-1002,Finolex Cables,Electrical,16036.55,2886.58,18923.13,2025-11-01,Paid,2025-11-01,DEP-01,PRJ-101
INV-60712,2025-12-05,PO-40757,GRN-50769,V-1044,Okaya Power,Batteries,229295.67,41273.22,270568.89,2025-12-20,Pending,,DEP-01,PRJ-101
INV-60713,2026-05-26,PO-40758,GRN-50770,V-1007,Schneider Electric India,Electrical,44366.64,7986.0,52352.64,2026-06-25,Paid,2026-06-26,DEP-02,PRJ-102
INV-60714,2025-12-01,PO-40759,GRN-50771,V-1038,Websol Energy System,Solar Panels,90224.47,16240.4,106464.87,2026-01-15,Paid,2026-01-07,DEP-06,PRJ-106
INV-60715,2026-04-23,PO-40760,GRN-50772,V-1035,Premier Energies,Solar Panels,284452.19,51201.39,335653.58,2026-05-08,Paid,2026-05-10,DEP-01,PRJ-101
INV-60716,2025-09-20,PO-40761,GRN-50773,V-1057,Hindware Homes,Plumbing Materials,338994.01,61018.92,400012.93,2025-11-04,Paid,2025-11-13,DEP-01,PRJ-101
INV-60717,2026-04-21,PO-40762,GRN-50774,V-1004,V-Guard Industries,Electrical,1599.88,287.98,1887.86,2026-05-21,Paid,2026-05-21,DEP-06,PRJ-106
INV-60718,2026-01-29,PO-40763,GRN-50775,V-1016,Merino Laminates,Carpentry,4526.28,814.73,5341.01,2026-02-13,Paid,2026-02-12,DEP-04,PRJ-104
INV-60719,2026-05-10,PO-40764,GRN-50777,V-1008,KEI Industries,Electrical,12052.8,2169.5,14222.3,2026-06-09,Paid,2026-05-30,DEP-06,PRJ-106
INV-60720,2026-03-16,PO-40765,GRN-50778,V-1023,Shree Cement,Road Construction Materials,14476.24,2605.72,17081.96,2026-04-30,Paid,2026-04-26,DEP-02,PRJ-102
INV-60721,2025-11-02,PO-40766,GRN-50779,V-1049,Exicom Power Solutions,Batteries,2786869.59,501636.53,3288506.12,2025-12-02,Paid,2025-11-30,DEP-02,PRJ-102
INV-60722,2026-04-25,PO-40768,GRN-50781,V-1036,Emmvee Solar,Solar Panels,4540.37,817.27,5357.64,2026-06-09,Pending,,DEP-01,PRJ-101
INV-60723,2026-04-02,PO-40769,GRN-50782,V-1031,Waaree Energies,Solar Panels,84824.63,15268.43,100093.06,2026-05-02,Paid,2026-04-24,DEP-05,PRJ-105
INV-60724,2025-11-28,PO-40771,GRN-50784,V-1045,HBL Power Systems,Batteries,28405.81,5113.05,33518.86,2026-01-12,Paid,2026-01-14,DEP-06,PRJ-106
INV-60725,2026-03-15,PO-40772,GRN-50786,V-1037,RenewSys India,Solar Panels,194448.88,35000.8,229449.68,2026-04-29,Paid,2026-05-04,DEP-01,PRJ-101
INV-60726,2025-11-16,PO-40774,GRN-50787,V-1043,Su-Kam Power Systems,Batteries,507968.37,91434.31,599402.68,2025-12-01,Paid,2025-12-04,DEP-03,PRJ-103
INV-60727,2026-07-23,PO-40776,GRN-50789,V-1056,Jaquar Group,Plumbing Materials,45389.01,8170.02,53559.03,2026-08-07,Paid,2026-07-30,DEP-06,PRJ-106
INV-60728,2026-08-01,PO-40776,GRN-50790,V-1056,Jaquar Group,Plumbing Materials,45389.01,8170.02,53559.03,2026-08-16,Pending,,DEP-06,PRJ-106
INV-60729,2025-12-17,PO-40777,GRN-50791,V-1058,Kajaria Ceramics,Plumbing Materials,3589.39,646.09,4235.48,2026-02-15,Paid,2026-02-15,DEP-02,PRJ-102
INV-60730,2026-01-01,PO-40778,GRN-50792,V-1039,Loom Solar,Solar Panels,3387055.62,609670.01,3996725.63,2026-01-31,Paid,2026-02-04,DEP-01,PRJ-101
INV-60731,2025-12-12,PO-40779,GRN-50793,V-1052,Finolex Pipes,Plumbing Materials,3356.25,604.12,3960.37,2026-01-26,Paid,2026-01-31,DEP-03,PRJ-103
INV-60732,2026-01-15,PO-40780,GRN-50794,V-1022,Ambuja Cements,Road Construction Materials,828567.16,149142.09,977709.25,2026-01-30,Paid,2026-02-12,DEP-04,PRJ-104
INV-60733,2026-05-25,PO-40781,GRN-50795,V-1013,Archidply Industries,Carpentry,4624.46,832.4,5456.86,2026-06-24,Paid,2026-06-24,DEP-02,PRJ-102
INV-60734,2025-11-06,PO-40782,GRN-50796,V-1031,Waaree Energies,Solar Panels,141877.83,25538.01,167415.84,2025-12-06,Paid,2025-12-12,DEP-04,PRJ-104
INV-60735,2026-07-06,PO-40783,GRN-50797,V-1044,Okaya Power,Batteries,75970.1,13674.62,89644.72,2026-07-21,Overdue,,DEP-04,PRJ-104
INV-60736,2026-07-12,PO-40783,GRN-50798,V-1044,Okaya Power,Batteries,85466.37,15383.95,100850.32,2026-07-27,Paid,2026-07-27,DEP-04,PRJ-104
INV-60737,2025-12-31,PO-40784,GRN-50799,V-1052,Finolex Pipes,Plumbing Materials,2456.94,442.25,2899.19,2026-02-14,Paid,2026-02-25,DEP-01,PRJ-101
INV-60738,2026-04-10,PO-40785,GRN-50800,V-1035,Premier Energies,Solar Panels,117597.31,21167.52,138764.83,2026-04-25,Overdue,,DEP-01,PRJ-101
INV-60739,2025-12-17,PO-40786,GRN-50801,V-1011,Greenply Industries,Carpentry,51956.28,9352.13,61308.41,2026-02-15,Paid,2026-02-11,DEP-03,PRJ-103
INV-60740,2026-06-13,PO-40787,GRN-50802,V-1057,Hindware Homes,Plumbing Materials,97458.3,17542.49,115000.79,2026-07-28,Paid,2026-07-20,DEP-01,PRJ-101
INV-60741,2026-06-14,PO-40788,GRN-50803,V-1017,Hettich India,Carpentry,32610.96,5869.97,38480.93,2026-07-29,Paid,2026-08-08,DEP-05,PRJ-105
INV-60742,2026-01-19,PO-40789,GRN-50804,V-1000,Havells India,Electrical,2229.82,401.37,2631.19,2026-02-03,Overdue,,DEP-06,PRJ-106
INV-60743,2026-01-18,PO-40791,GRN-50806,V-1032,Adani Solar,Solar Panels,84361.14,15185.01,99546.15,2026-03-19,Paid,2026-04-01,DEP-05,PRJ-105
INV-60744,2026-08-05,PO-40792,GRN-50807,V-1031,Waaree Energies,Solar Panels,152801.45,27504.26,180305.71,2026-09-04,Paid,2026-08-29,DEP-03,PRJ-103
INV-60745,2026-04-18,PO-40793,GRN-50808,V-1019,Sarvottam Plywood,Carpentry,8976.86,1615.83,10592.69,2026-05-03,Paid,2026-04-30,DEP-02,PRJ-102
INV-60746,2025-12-13,PO-40794,GRN-50809,V-1022,Ambuja Cements,Road Construction Materials,5375.83,967.65,6343.48,2025-12-28,Paid,2026-01-01,DEP-05,PRJ-105
INV-60747,2026-03-28,PO-40795,GRN-50810,V-1036,Emmvee Solar,Solar Panels,52329.7,9419.35,61749.05,2026-05-12,Paid,2026-05-03,DEP-04,PRJ-104
INV-60748,2026-02-07,PO-40796,GRN-50811,V-1022,Ambuja Cements,Road Construction Materials,101249.71,18224.95,119474.66,2026-02-22,Paid,2026-02-19,DEP-06,PRJ-106
INV-60749,2026-01-23,PO-40798,GRN-50812,V-1058,Kajaria Ceramics,Plumbing Materials,2945.96,530.27,3476.23,2026-03-24,Overdue,,DEP-04,PRJ-104
INV-60750,2026-02-11,PO-40799,GRN-50813,V-1038,Websol Energy System,Solar Panels,3740.3,673.25,4413.55,2026-03-28,Paid,2026-03-21,DEP-01,PRJ-101
INV-60751,2026-02-18,PO-40799,GRN-50814,V-1038,Websol Energy System,Solar Panels,4488.36,807.9,5296.26,2026-04-04,Paid,2026-04-05,DEP-01,PRJ-101
INV-60752,2026-08-20,PO-40801,GRN-50816,V-1052,Finolex Pipes,Plumbing Materials,3928.86,707.19,4636.05,2026-10-04,Paid,2026-10-08,DEP-03,PRJ-103
INV-60753,2025-12-07,PO-40802,GRN-50817,V-1002,Finolex Cables,Electrical,842.63,151.67,994.3,2026-01-06,Paid,2026-01-08,DEP-04,PRJ-104
INV-60754,2025-12-12,PO-40802,GRN-50818,V-1002,Finolex Cables,Electrical,842.63,151.67,994.3,2026-01-11,Paid,2026-01-17,DEP-04,PRJ-104
INV-60755,2026-03-26,PO-40804,GRN-50820,V-1002,Finolex Cables,Electrical,77384.37,13929.19,91313.56,2026-04-25,Paid,2026-04-23,DEP-01,PRJ-101
INV-60756,2026-02-05,PO-40805,GRN-50821,V-1049,Exicom Power Solutions,Batteries,1836155.73,330508.03,2166663.76,2026-03-07,Paid,2026-03-11,DEP-05,PRJ-105
INV-60757,2026-06-02,PO-40806,GRN-50822,V-1013,Archidply Industries,Carpentry,16850.67,3033.12,19883.79,2026-07-02,Paid,2026-07-01,DEP-03,PRJ-103
INV-60758,2026-06-21,PO-40807,GRN-50823,V-1005,Crompton Greaves Consumer,Electrical,36357.51,6544.35,42901.86,2026-07-21,Overdue,,DEP-06,PRJ-106
INV-60759,2026-06-29,PO-40808,GRN-50824,V-1025,Dalmia Bharat Cement,Road Construction Materials,183571.97,33042.95,216614.92,2026-08-28,Paid,2026-08-26,DEP-04,PRJ-104
INV-60760,2026-03-01,PO-40810,GRN-50825,V-1052,Finolex Pipes,Plumbing Materials,133593.39,24046.81,157640.2,2026-04-15,Paid,2026-04-26,DEP-02,PRJ-102
INV-60761,2026-05-01,PO-40811,GRN-50826,V-1053,Prince Pipes,Plumbing Materials,97025.23,17464.54,114489.77,2026-05-16,Paid,2026-05-29,DEP-05,PRJ-105
INV-60762,2026-07-21,PO-40812,GRN-50827,V-1000,Havells India,Electrical,2397.24,431.5,2828.74,2026-08-05,Paid,2026-08-05,DEP-06,PRJ-106
INV-60763,2026-06-05,PO-40813,GRN-50828,V-1005,Crompton Greaves Consumer,Electrical,1127.34,202.92,1330.26,2026-07-05,Overdue,,DEP-03,PRJ-103
INV-60764,2026-05-31,PO-40814,GRN-50829,V-1030,Tata Power Solar,Solar Panels,3707.66,667.38,4375.04,2026-07-30,Paid,2026-08-08,DEP-03,PRJ-103
INV-60765,2026-01-13,PO-40815,GRN-50830,V-1002,Finolex Cables,Electrical,4133.41,744.01,4877.42,2026-02-12,Paid,2026-02-27,DEP-04,PRJ-104
INV-60766,2025-11-17,PO-40816,GRN-50831,V-1022,Ambuja Cements,Road Construction Materials,69285.72,12471.43,81757.15,2025-12-02,Paid,2025-12-04,DEP-05,PRJ-105
INV-60767,2025-10-10,PO-40817,GRN-50832,V-1008,KEI Industries,Electrical,1290.26,232.25,1522.51,2025-11-09,Paid,2025-11-12,DEP-04,PRJ-104
