PONo,PODate,PRNo,VendorCode,VendorName,Vertical,ItemCode,ItemDescription,OrderedQty,UOM,UnitPrice,TotalAmount,Currency,PromisedDeliveryDate,PaymentTerms,ApprovedBy,Status,DeptCode,ProjectCode
PO-40001,2026-02-27,PR-30002,V-1010,Century Plyboards,Carpentry,I-5015,Hinges SS 4 inch,19,Pair,77.34,1469.5,INR,2026-03-15,Net 45,David Seshadri,Partially Delivered,DEP-03,PRJ-103
PO-40002,2026-04-10,PR-30004,V-1033,Vikram Solar,Solar Panels,I-5034,String Inverter 50kW,33,Nos,394747.93,13026681.77,INR,2026-04-16,Advance 20% + Net 30,Januja Pradhan,Closed,DEP-03,PRJ-103
PO-40003,2026-01-16,PR-30006,V-1053,Prince Pipes,Plumbing Materials,I-5053,Ball Valve 1 inch Brass,15,Nos,300.2,4502.94,INR,2026-02-02,Net 15,Hemal Chad,Closed,DEP-06,PRJ-106
PO-40004,2025-09-23,PR-30008,V-1008,KEI Industries,Electrical,I-5004,LED Flood Light 100W,25,Nos,1516.38,37909.4,INR,2025-10-08,Net 30,Hemal Chad,Partially Delivered,DEP-03,PRJ-103
PO-40005,2026-05-21,PR-30009,V-1033,Vikram Solar,Solar Panels,I-5036,DC Cable 4 sqmm Solar Grade (100m),15,Coil,3179.71,47695.58,INR,2026-06-05,Advance 20% + Net 30,Hemal Chad,Closed,DEP-01,PRJ-101
PO-40006,2026-05-03,PR-30010,V-1041,Amara Raja Batteries (Amaron),Batteries,I-5047,Battery Interconnect Cable Set,36,Set,600.18,21606.41,INR,2026-05-22,Net 30,Januja Pradhan,Closed,DEP-04,PRJ-104
PO-40007,2026-05-08,PR-30011,V-1006,Legrand India,Electrical,I-5003,Distribution Board 8-Way,22,Nos,1315.73,28946.06,INR,2026-05-23,Net 45,David Seshadri,Closed,DEP-02,PRJ-102
PO-40008,2026-07-26,PR-30015,V-1011,Greenply Industries,Carpentry,I-5015,Hinges SS 4 inch,32,Pair,86.23,2759.49,INR,2026-08-05,Net 60,Balveer Kota,Closed,DEP-04,PRJ-104
PO-40009,2026-02-21,PR-30016,V-1009,Orient Electric,Electrical,I-5006,Cable Tray 300mm (2m length),6,Nos,921.84,5531.03,INR,2026-03-14,Net 15,David Seshadri,Closed,DEP-02,PRJ-102
PO-40010,2025-12-26,PR-30017,V-1036,Emmvee Solar,Solar Panels,I-5041,Solar Cable Gland Set,26,Set,129.69,3371.92,INR,2026-01-12,Net 45,Januja Pradhan,Partially Delivered,DEP-06,PRJ-106
PO-40011,2026-03-18,PR-30018,V-1016,Merino Laminates,Carpentry,I-5016,Drawer Channel 18 inch Telescopic,35,Pair,391.82,13713.81,INR,2026-03-23,Net 15,Januja Pradhan,Closed,DEP-04,PRJ-104
PO-40012,2025-09-12,PR-30019,V-1053,Prince Pipes,Plumbing Materials,I-5053,Ball Valve 1 inch Brass,26,Nos,259.43,6745.14,INR,2025-09-23,Net 15,Hemal Chad,Open,DEP-01,PRJ-101
PO-40013,2026-07-25,PR-30021,V-1011,Greenply Industries,Carpentry,I-5021,Adhesive Fevicol SH (5kg),32,Can,1221.09,39074.83,INR,2026-07-29,Net 60,Reva Viswanathan,Closed,DEP-06,PRJ-106
PO-40014,2026-07-28,PR-30022,V-1024,JK Cement,Road Construction Materials,I-5027,Ready Mix Concrete M25,19,Cum,6405.25,121699.76,INR,2026-08-17,Advance 20% + Net 30,Reva Viswanathan,Open,DEP-01,PRJ-101
PO-40015,2026-01-04,PR-30023,V-1015,Action Tesa,Carpentry,I-5019,Veneer Sheet Teak (8x4 ft),20,Sheet,3872.42,77448.37,INR,2026-01-22,Net 30,Balveer Kota,Closed,DEP-01,PRJ-101
PO-40016,2026-04-03,PR-30024,V-1007,Schneider Electric India,Electrical,I-5011,Cable Gland Brass 25mm,20,Nos,57.3,1145.94,INR,2026-04-08,Net 30,Reva Viswanathan,Closed,DEP-02,PRJ-102
PO-40017,2026-02-19,PR-30025,V-1053,Prince Pipes,Plumbing Materials,I-5058,Submersible Pump 1HP,22,Nos,7999.43,175987.56,INR,2026-02-25,Net 15,Hemal Chad,Open,DEP-04,PRJ-104
PO-40018,2025-12-28,PR-30026,V-1040,Exide Industries,Batteries,I-5046,Battery Rack 4-Tier MS,6,Nos,3033.05,18198.27,INR,2026-01-09,Net 45,Hemal Chad,Closed,DEP-01,PRJ-101
PO-40019,2026-06-28,PR-30028,V-1021,ACC Limited,Road Construction Materials,I-5023,TMT Steel Bar Fe500D 12mm,25,Ton,63358.49,1583962.14,INR,2026-07-04,Advance 20% + Net 30,Reva Viswanathan,Closed,DEP-01,PRJ-101
PO-40020,2026-04-14,PR-30029,V-1013,Archidply Industries,Carpentry,I-5021,Adhesive Fevicol SH (5kg),13,Can,1067.67,13879.74,INR,2026-04-25,Advance 20% + Net 30,Hemal Chad,Closed,DEP-04,PRJ-104
PO-40021,2026-02-01,PR-30030,V-1014,Duro Ply India,Carpentry,I-5015,Hinges SS 4 inch,16,Pair,77.14,1234.25,INR,2026-02-10,Net 30,Januja Pradhan,Closed,DEP-04,PRJ-104
PO-40022,2026-01-30,PR-30031,V-1038,Websol Energy System,Solar Panels,I-5041,Solar Cable Gland Set,6,Set,142.97,857.83,INR,2026-02-17,Net 45,Januja Pradhan,Closed,DEP-03,PRJ-103
PO-40023,2026-01-21,PR-30032,V-1044,Okaya Power,Batteries,I-5042,Tubular Battery 150Ah C10,19,Nos,13768.96,261610.27,INR,2026-02-11,Net 15,Reva Viswanathan,Closed,DEP-06,PRJ-106
PO-40024,2026-01-13,PR-30034,V-1020,UltraTech Cement,Road Construction Materials,I-5027,Ready Mix Concrete M25,19,Cum,5965.93,113352.73,INR,2026-01-30,Net 30,Hemal Chad,Closed,DEP-01,PRJ-101
PO-40025,2026-04-18,PR-30035,V-1002,Finolex Cables,Electrical,I-5004,LED Flood Light 100W,22,Nos,1949.94,42898.78,INR,2026-05-08,Advance 20% + Net 30,Reva Viswanathan,Closed,DEP-05,PRJ-105
PO-40026,2026-05-23,PR-30036,V-1028,Birla Corporation,Road Construction Materials,I-5026,Bitumen VG-30 (drum 180kg),18,Drum,9013.56,162244.06,INR,2026-06-07,Net 60,Januja Pradhan,Closed,DEP-02,PRJ-102
PO-40027,2026-01-29,PR-30037,V-1012,Kitply Industries,Carpentry,I-5012,Plywood 19mm BWP (8x4 ft),41,Sheet,3178.86,130333.27,INR,2026-02-18,Net 15,Balveer Kota,Closed,DEP-05,PRJ-105
PO-40028,2026-06-23,PR-30038,V-1056,Jaquar Group,Plumbing Materials,I-5053,Ball Valve 1 inch Brass,13,Nos,337.7,4390.12,INR,2026-06-30,Net 15,David Seshadri,Closed,DEP-02,PRJ-102
PO-40029,2026-08-04,PR-30040,V-1025,Dalmia Bharat Cement,Road Construction Materials,I-5028,PQC Dowel Bar 32mm,16,Ton,62097.2,993555.27,INR,2026-08-24,Net 60,David Seshadri,Closed,DEP-03,PRJ-103
PO-40030,2026-02-16,PR-30042,V-1059,Roto Pumps,Plumbing Materials,I-5050,UPVC Pipe 4 inch SCH-40 (3m length),15,Pcs,1059.98,15899.74,INR,2026-02-24,Advance 20% + Net 30,Januja Pradhan,Closed,DEP-03,PRJ-103
PO-40031,2026-01-12,PR-30043,V-1032,Adani Solar,Solar Panels,I-5039,Earthing Kit for Module Structure,10,Set,809.09,8090.93,INR,2026-01-29,Net 60,Januja Pradhan,Partially Delivered,DEP-04,PRJ-104
PO-40032,2026-01-20,PR-30044,V-1017,Hettich India,Carpentry,I-5018,Wood Screws 2 inch (box of 100),11,Box,175.55,1931.05,INR,2026-01-30,Net 45,Balveer Kota,Closed,DEP-06,PRJ-106
PO-40033,2026-07-24,PR-30045,V-1042,Luminous Power Technologies,Batteries,I-5043,Lithium-ion Battery Pack 48V 100Ah,24,Nos,114286.23,2742869.57,INR,2026-08-05,Advance 20% + Net 30,Reva Viswanathan,Closed,DEP-06,PRJ-106
PO-40034,2026-05-09,PR-30046,V-1042,Luminous Power Technologies,Batteries,I-5046,Battery Rack 4-Tier MS,18,Nos,3501.11,63019.98,INR,2026-05-24,Advance 20% + Net 30,Januja Pradhan,Cancelled,DEP-03,PRJ-103
PO-40035,2025-09-14,PR-30047,V-1009,Orient Electric,Electrical,I-5006,Cable Tray 300mm (2m length),25,Nos,829.78,20744.42,INR,2025-09-28,Net 15,Hemal Chad,Closed,DEP-03,PRJ-103
PO-40036,2026-02-03,PR-30048,V-1037,RenewSys India,Solar Panels,I-5039,Earthing Kit for Module Structure,11,Set,779.81,8577.88,INR,2026-02-09,Net 45,Januja Pradhan,Closed,DEP-01,PRJ-101
PO-40037,2026-07-02,PR-30049,V-1054,Ashirvad Pipes (Aliaxis),Plumbing Materials,I-5056,Concealed Cistern with Frame,26,Set,9052.28,235359.3,INR,2026-07-16,Net 15,Reva Viswanathan,Closed,DEP-06,PRJ-106
PO-40038,2025-10-06,PR-30050,V-1033,Vikram Solar,Solar Panels,I-5037,MC4 Connector Pair,33,Pair,79.61,2627.09,INR,2025-10-09,Advance 20% + Net 30,Balveer Kota,Closed,DEP-03,PRJ-103
PO-40039,2026-02-18,PR-30051,V-1048,Base Corporation,Batteries,I-5045,VRLA SMF Battery 12V 100Ah,56,Nos,9827.33,550330.44,INR,2026-02-26,Net 30,David Seshadri,Closed,DEP-02,PRJ-102
PO-40040,2026-05-31,PR-30052,V-1001,Polycab India,Electrical,I-5006,Cable Tray 300mm (2m length),12,Nos,1022.7,12272.43,INR,2026-06-19,Net 30,Januja Pradhan,Closed,DEP-01,PRJ-101
PO-40041,2026-03-29,PR-30053,V-1001,Polycab India,Electrical,I-5007,Junction Box IP65,36,Nos,194.28,6993.95,INR,2026-04-05,Net 30,Balveer Kota,Closed,DEP-01,PRJ-101
PO-40042,2025-10-26,PR-30054,V-1033,Vikram Solar,Solar Panels,I-5038,Combiner Box 6 in 1 out,24,Nos,5950.57,142813.69,INR,2025-11-12,Advance 20% + Net 30,Reva Viswanathan,Partially Delivered,DEP-04,PRJ-104
PO-40043,2025-11-12,PR-30055,V-1045,HBL Power Systems,Batteries,I-5047,Battery Interconnect Cable Set,26,Set,561.63,14602.48,INR,2025-11-16,Net 45,Januja Pradhan,Cancelled,DEP-01,PRJ-101
PO-40044,2026-05-19,PR-30056,V-1028,Birla Corporation,Road Construction Materials,I-5031,Geotextile Fabric (roll 100m2),34,Roll,4482.31,152398.48,INR,2026-05-25,Net 60,Januja Pradhan,Open,DEP-03,PRJ-103
PO-40045,2026-02-27,PR-30058,V-1012,Kitply Industries,Carpentry,I-5016,Drawer Channel 18 inch Telescopic,11,Pair,390.37,4294.07,INR,2026-03-04,Net 15,Hemal Chad,Open,DEP-01,PRJ-101
PO-40046,2025-11-22,PR-30059,V-1036,Emmvee Solar,Solar Panels,I-5032,Solar Module 540Wp Mono PERC,29,Nos,11450.15,332054.33,INR,2025-12-09,Net 45,Hemal Chad,Closed,DEP-05,PRJ-105
PO-40047,2025-09-26,PR-30060,V-1033,Vikram Solar,Solar Panels,I-5036,DC Cable 4 sqmm Solar Grade (100m),15,Coil,2723.26,40848.95,INR,2025-10-07,Advance 20% + Net 30,David Seshadri,Closed,DEP-04,PRJ-104
PO-40048,2026-06-25,PR-30062,V-1050,Astral Pipes,Plumbing Materials,I-5055,Sanitaryware Wash Basin,32,Nos,2367.28,75753.11,INR,2026-07-03,Net 60,Januja Pradhan,Partially Delivered,DEP-04,PRJ-104
PO-40049,2025-11-04,PR-30063,V-1002,Finolex Cables,Electrical,I-5010,MCCB 200A,9,Nos,7640.11,68761.0,INR,2025-11-10,Advance 20% + Net 30,Hemal Chad,Closed,DEP-02,PRJ-102
PO-40050,2026-06-23,PR-30064,V-1047,Panasonic Energy India,Batteries,I-5049,Deep Cycle Battery 200Ah,11,Nos,20476.14,225237.52,INR,2026-07-11,Net 15,Balveer Kota,Closed,DEP-05,PRJ-105
PO-40051,2026-08-01,PR-30067,V-1055,CERA Sanitaryware,Plumbing Materials,I-5059,Pipe Clamp GI 4 inch,34,Nos,69.49,2362.65,INR,2026-08-20,Net 30,David Seshadri,Closed,DEP-04,PRJ-104
PO-40052,2026-04-04,PR-30068,V-1055,CERA Sanitaryware,Plumbing Materials,I-5056,Concealed Cistern with Frame,24,Set,8038.22,192917.31,INR,2026-04-24,Net 30,Balveer Kota,Closed,DEP-03,PRJ-103
PO-40053,2026-02-12,PR-30069,V-1004,V-Guard Industries,Electrical,I-5005,Modular Switch 6A,17,Nos,65.86,1119.64,INR,2026-02-27,Advance 20% + Net 30,Balveer Kota,Closed,DEP-06,PRJ-106
PO-40054,2026-04-07,PR-30070,V-1007,Schneider Electric India,Electrical,I-5010,MCCB 200A,15,Nos,8116.63,121749.48,INR,2026-04-17,Net 30,Hemal Chad,Cancelled,DEP-05,PRJ-105
PO-40055,2026-05-21,PR-30071,V-1019,Sarvottam Plywood,Carpentry,I-5013,Laminate Sheet 1mm (8x4 ft),31,Sheet,1320.45,40933.84,INR,2026-06-05,Net 15,Hemal Chad,Closed,DEP-01,PRJ-101
PO-40056,2026-07-15,PR-30072,V-1037,RenewSys India,Solar Panels,I-5039,Earthing Kit for Module Structure,17,Set,832.49,14152.27,INR,2026-07-29,Net 45,Januja Pradhan,Closed,DEP-06,PRJ-106
PO-40057,2026-01-08,PR-30073,V-1048,Base Corporation,Batteries,I-5044,Inverter 2.5kVA Pure Sinewave,13,Nos,15795.52,205341.8,INR,2026-01-20,Net 30,Hemal Chad,Closed,DEP-02,PRJ-102
PO-40058,2026-04-02,PR-30074,V-1050,Astral Pipes,Plumbing Materials,I-5050,UPVC Pipe 4 inch SCH-40 (3m length),55,Pcs,1093.73,60155.32,INR,2026-04-08,Net 60,Balveer Kota,Partially Delivered,DEP-04,PRJ-104
PO-40059,2025-10-17,PR-30075,V-1026,Tata Steel,Road Construction Materials,I-5022,OPC 53 Grade Cement (50kg bag),13,Bag,350.51,4556.61,INR,2025-10-29,Net 60,David Seshadri,Closed,DEP-04,PRJ-104
PO-40060,2026-07-25,PR-30076,V-1035,Premier Energies,Solar Panels,I-5032,Solar Module 540Wp Mono PERC,51,Nos,12107.92,617503.8,INR,2026-08-15,Net 15,David Seshadri,Closed,DEP-04,PRJ-104
PO-40061,2026-01-08,PR-30078,V-1042,Luminous Power Technologies,Batteries,I-5047,Battery Interconnect Cable Set,27,Set,626.04,16903.07,INR,2026-01-22,Advance 20% + Net 30,Hemal Chad,Closed,DEP-03,PRJ-103
PO-40062,2025-09-20,PR-30079,V-1034,Goldi Solar,Solar Panels,I-5039,Earthing Kit for Module Structure,6,Set,724.83,4348.99,INR,2025-10-05,Advance 20% + Net 30,Januja Pradhan,Cancelled,DEP-01,PRJ-101
PO-40063,2026-04-14,PR-30081,V-1017,Hettich India,Carpentry,I-5017,Door Lock Mortise Set,27,Set,933.38,25201.15,INR,2026-05-03,Net 45,David Seshadri,Closed,DEP-03,PRJ-103
PO-40064,2025-10-28,PR-30082,V-1032,Adani Solar,Solar Panels,I-5037,MC4 Connector Pair,22,Pair,86.93,1912.46,INR,2025-11-11,Net 60,Balveer Kota,Closed,DEP-02,PRJ-102
PO-40065,2026-03-28,PR-30083,V-1009,Orient Electric,Electrical,I-5010,MCCB 200A,19,Nos,7663.44,145605.32,INR,2026-04-01,Net 15,Hemal Chad,Closed,DEP-01,PRJ-101
PO-40066,2026-03-14,PR-30084,V-1035,Premier Energies,Solar Panels,I-5039,Earthing Kit for Module Structure,48,Set,798.6,38332.8,INR,2026-03-24,Net 15,David Seshadri,Cancelled,DEP-01,PRJ-101
PO-40067,2026-03-22,PR-30085,V-1019,Sarvottam Plywood,Carpentry,I-5020,PVC Edge Banding Tape (100m roll),43,Roll,600.87,25837.28,INR,2026-04-09,Net 15,Hemal Chad,Closed,DEP-06,PRJ-106
PO-40068,2026-06-15,PR-30086,V-1032,Adani Solar,Solar Panels,I-5033,Solar Module 550Wp Bifacial,27,Nos,14628.07,394957.87,INR,2026-07-04,Net 60,Hemal Chad,Closed,DEP-03,PRJ-103
PO-40069,2026-07-17,PR-30087,V-1046,Livguard Energy,Batteries,I-5044,Inverter 2.5kVA Pure Sinewave,15,Nos,16237.6,243564.04,INR,2026-08-07,Net 15,Balveer Kota,Closed,DEP-04,PRJ-104
PO-40070,2025-11-07,PR-30088,V-1034,Goldi Solar,Solar Panels,I-5034,String Inverter 50kW,4,Nos,348007.29,1392029.16,INR,2025-11-15,Advance 20% + Net 30,Hemal Chad,Closed,DEP-05,PRJ-105
PO-40071,2026-07-17,PR-30089,V-1019,Sarvottam Plywood,Carpentry,I-5016,Drawer Channel 18 inch Telescopic,26,Pair,418.76,10887.75,INR,2026-07-30,Net 15,Januja Pradhan,Partially Delivered,DEP-05,PRJ-105
PO-40072,2026-06-26,PR-30090,V-1014,Duro Ply India,Carpentry,I-5015,Hinges SS 4 inch,26,Pair,87.71,2280.51,INR,2026-07-06,Net 30,Reva Viswanathan,Partially Delivered,DEP-05,PRJ-105
PO-40073,2026-02-13,PR-30091,V-1034,Goldi Solar,Solar Panels,I-5033,Solar Module 550Wp Bifacial,18,Nos,12642.08,227557.43,INR,2026-03-01,Advance 20% + Net 30,Hemal Chad,Closed,DEP-03,PRJ-103
PO-40074,2026-05-15,PR-30092,V-1025,Dalmia Bharat Cement,Road Construction Materials,I-5026,Bitumen VG-30 (drum 180kg),33,Drum,8976.53,296225.37,INR,2026-05-19,Net 60,Januja Pradhan,Closed,DEP-05,PRJ-105
PO-40075,2026-03-12,PR-30093,V-1008,KEI Industries,Electrical,I-5004,LED Flood Light 100W,13,Nos,1742.03,22646.36,INR,2026-03-17,Net 30,Reva Viswanathan,Closed,DEP-04,PRJ-104
PO-40076,2026-06-17,PR-30094,V-1020,UltraTech Cement,Road Construction Materials,I-5027,Ready Mix Concrete M25,42,Cum,5964.6,250512.99,INR,2026-06-24,Net 30,Reva Viswanathan,Open,DEP-01,PRJ-101
PO-40077,2026-07-07,PR-30095,V-1057,Hindware Homes,Plumbing Materials,I-5054,Water Tank 1000L HDPE,16,Nos,7189.73,115035.69,INR,2026-07-21,Net 45,David Seshadri,Closed,DEP-04,PRJ-104
PO-40078,2026-06-28,PR-30096,V-1019,Sarvottam Plywood,Carpentry,I-5021,Adhesive Fevicol SH (5kg),32,Can,1200.27,38408.74,INR,2026-07-05,Net 15,Hemal Chad,Partially Delivered,DEP-04,PRJ-104
PO-40079,2026-05-28,PR-30098,V-1002,Finolex Cables,Electrical,I-5002,MCB 32A Single Pole,23,Nos,147.14,3384.22,INR,2026-06-17,Advance 20% + Net 30,Balveer Kota,Closed,DEP-06,PRJ-106
PO-40080,2026-01-27,PR-30099,V-1017,Hettich India,Carpentry,I-5015,Hinges SS 4 inch,16,Pair,75.25,1204.02,INR,2026-02-14,Net 45,Balveer Kota,Closed,DEP-04,PRJ-104
PO-40081,2026-01-23,PR-30101,V-1013,Archidply Industries,Carpentry,I-5020,PVC Edge Banding Tape (100m roll),30,Roll,607.0,18209.9,INR,2026-02-11,Advance 20% + Net 30,Hemal Chad,Closed,DEP-04,PRJ-104
PO-40082,2026-02-17,PR-30103,V-1040,Exide Industries,Batteries,I-5046,Battery Rack 4-Tier MS,19,Nos,3075.12,58427.3,INR,2026-03-05,Net 45,Hemal Chad,Partially Delivered,DEP-02,PRJ-102
PO-40083,2025-11-11,PR-30105,V-1037,RenewSys India,Solar Panels,I-5039,Earthing Kit for Module Structure,24,Set,730.55,17533.19,INR,2025-11-19,Net 45,Balveer Kota,Closed,DEP-06,PRJ-106
PO-40084,2026-01-05,PR-30107,V-1004,V-Guard Industries,Electrical,I-5006,Cable Tray 300mm (2m length),7,Nos,918.74,6431.21,INR,2026-01-15,Advance 20% + Net 30,David Seshadri,Closed,DEP-02,PRJ-102
PO-40085,2026-03-12,PR-30108,V-1009,Orient Electric,Electrical,I-5004,LED Flood Light 100W,25,Nos,1881.48,47036.99,INR,2026-03-28,Net 15,Reva Viswanathan,Open,DEP-06,PRJ-106
PO-40086,2026-06-25,PR-30110,V-1053,Prince Pipes,Plumbing Materials,I-5053,Ball Valve 1 inch Brass,24,Nos,309.24,7421.81,INR,2026-07-13,Net 15,Januja Pradhan,Closed,DEP-05,PRJ-105
PO-40087,2025-09-17,PR-30111,V-1026,Tata Steel,Road Construction Materials,I-5026,Bitumen VG-30 (drum 180kg),22,Drum,8197.11,180336.31,INR,2025-09-22,Net 60,David Seshadri,Closed,DEP-05,PRJ-105
PO-40088,2026-03-17,PR-30112,V-1048,Base Corporation,Batteries,I-5048,Battery Monitoring System (BMS module),24,Nos,4240.73,101777.52,INR,2026-03-31,Net 30,Januja Pradhan,Closed,DEP-02,PRJ-102
PO-40089,2026-06-02,PR-30113,V-1031,Waaree Energies,Solar Panels,I-5038,Combiner Box 6 in 1 out,22,Nos,6304.58,138700.79,INR,2026-06-18,Net 30,David Seshadri,Closed,DEP-06,PRJ-106
PO-40090,2026-03-26,PR-30114,V-1014,Duro Ply India,Carpentry,I-5012,Plywood 19mm BWP (8x4 ft),63,Sheet,3154.97,198763.22,INR,2026-04-16,Net 30,Januja Pradhan,Closed,DEP-01,PRJ-101
PO-40091,2026-03-02,PR-30116,V-1032,Adani Solar,Solar Panels,I-5032,Solar Module 540Wp Mono PERC,12,Nos,12109.85,145318.2,INR,2026-03-17,Net 60,Januja Pradhan,Closed,DEP-04,PRJ-104
PO-40092,2026-06-16,PR-30117,V-1037,RenewSys India,Solar Panels,I-5038,Combiner Box 6 in 1 out,5,Nos,6639.25,33196.27,INR,2026-06-21,Net 45,Hemal Chad,Closed,DEP-01,PRJ-101
PO-40093,2026-03-27,PR-30120,V-1035,Premier Energies,Solar Panels,I-5035,Module Mounting Structure (per kW),8,kW Set,4615.91,36927.29,INR,2026-04-07,Net 15,Reva Viswanathan,Closed,DEP-06,PRJ-106
PO-40094,2025-12-28,PR-30121,V-1026,Tata Steel,Road Construction Materials,I-5031,Geotextile Fabric (roll 100m2),17,Roll,4429.22,75296.74,INR,2026-01-04,Net 60,Hemal Chad,Closed,DEP-03,PRJ-103
PO-40095,2026-04-30,PR-30122,V-1052,Finolex Pipes,Plumbing Materials,I-5057,Bathroom Faucet Single Lever,18,Nos,1802.08,32437.49,INR,2026-05-04,Net 45,David Seshadri,Closed,DEP-04,PRJ-104
PO-40096,2026-05-22,PR-30123,V-1007,Schneider Electric India,Electrical,I-5003,Distribution Board 8-Way,20,Nos,1376.57,27531.44,INR,2026-05-25,Net 30,Reva Viswanathan,Closed,DEP-06,PRJ-106
PO-40097,2025-10-30,PR-30124,V-1035,Premier Energies,Solar Panels,I-5034,String Inverter 50kW,15,Nos,330251.58,4953773.69,INR,2025-11-14,Net 15,Reva Viswanathan,Closed,DEP-06,PRJ-106
PO-40098,2025-10-24,PR-30125,V-1032,Adani Solar,Solar Panels,I-5032,Solar Module 540Wp Mono PERC,29,Nos,10596.87,307309.17,INR,2025-11-11,Net 60,Balveer Kota,Partially Delivered,DEP-01,PRJ-101
PO-40099,2026-01-25,PR-30126,V-1003,Anchor by Panasonic,Electrical,I-5001,PVC Insulated Wire 2.5 sqmm (90m coil),24,Coil,1428.58,34285.92,INR,2026-02-01,Net 15,Reva Viswanathan,Open,DEP-03,PRJ-103
PO-40100,2025-10-15,PR-30127,V-1021,ACC Limited,Road Construction Materials,I-5024,Crushed Stone Aggregate 20mm,48,Ton,734.04,35234.12,INR,2025-10-30,Advance 20% + Net 30,Balveer Kota,Cancelled,DEP-05,PRJ-105
PO-40101,2026-05-16,PR-30128,V-1036,Emmvee Solar,Solar Panels,I-5039,Earthing Kit for Module Structure,61,Set,848.26,51744.13,INR,2026-05-28,Net 45,David Seshadri,Open,DEP-01,PRJ-101
PO-40102,2025-09-05,PR-30129,V-1026,Tata Steel,Road Construction Materials,I-5023,TMT Steel Bar Fe500D 12mm,19,Ton,51968.23,987396.39,INR,2025-09-25,Net 60,Reva Viswanathan,Closed,DEP-03,PRJ-103
PO-40103,2026-03-20,PR-30130,V-1002,Finolex Cables,Electrical,I-5006,Cable Tray 300mm (2m length),12,Nos,973.2,11678.4,INR,2026-03-28,Advance 20% + Net 30,Balveer Kota,Closed,DEP-04,PRJ-104
PO-40104,2026-07-20,PR-30131,V-1026,Tata Steel,Road Construction Materials,I-5025,River Sand (fine aggregate),46,Ton,1369.1,62978.77,INR,2026-08-04,Net 60,Balveer Kota,Partially Delivered,DEP-01,PRJ-101
PO-40105,2025-09-17,PR-30134,V-1001,Polycab India,Electrical,I-5008,Earthing Strip GI 25x3mm,26,Mtr,82.17,2136.45,INR,2025-10-05,Net 30,Balveer Kota,Closed,DEP-05,PRJ-105
PO-40106,2026-06-04,PR-30136,V-1005,Crompton Greaves Consumer,Electrical,I-5005,Modular Switch 6A,6,Nos,71.22,427.3,INR,2026-06-08,Advance 20% + Net 30,Reva Viswanathan,Closed,DEP-05,PRJ-105
PO-40107,2026-04-23,PR-30137,V-1045,HBL Power Systems,Batteries,I-5045,VRLA SMF Battery 12V 100Ah,19,Nos,9390.09,178411.73,INR,2026-05-11,Net 45,Reva Viswanathan,Closed,DEP-05,PRJ-105
PO-40108,2026-05-03,PR-30138,V-1031,Waaree Energies,Solar Panels,I-5037,MC4 Connector Pair,11,Pair,91.1,1002.08,INR,2026-05-16,Net 30,Hemal Chad,Closed,DEP-02,PRJ-102
PO-40109,2026-03-31,PR-30139,V-1059,Roto Pumps,Plumbing Materials,I-5053,Ball Valve 1 inch Brass,61,Nos,281.91,17196.67,INR,2026-04-17,Advance 20% + Net 30,Reva Viswanathan,Closed,DEP-04,PRJ-104
PO-40110,2025-12-15,PR-30140,V-1015,Action Tesa,Carpentry,I-5017,Door Lock Mortise Set,11,Set,913.73,10051.0,INR,2025-12-30,Net 30,Januja Pradhan,Closed,DEP-05,PRJ-105
PO-40111,2025-10-15,PR-30141,V-1052,Finolex Pipes,Plumbing Materials,I-5059,Pipe Clamp GI 4 inch,21,Nos,51.29,1077.0,INR,2025-10-30,Net 45,Hemal Chad,Closed,DEP-03,PRJ-103
PO-40112,2025-11-14,PR-30142,V-1007,Schneider Electric India,Electrical,I-5004,LED Flood Light 100W,24,Nos,1722.25,41333.91,INR,2025-11-23,Net 30,Januja Pradhan,Partially Delivered,DEP-05,PRJ-105
PO-40113,2026-06-14,PR-30143,V-1035,Premier Energies,Solar Panels,I-5039,Earthing Kit for Module Structure,13,Set,889.04,11557.51,INR,2026-06-18,Net 15,Reva Viswanathan,Open,DEP-04,PRJ-104
PO-40114,2026-04-20,PR-30144,V-1053,Prince Pipes,Plumbing Materials,I-5050,UPVC Pipe 4 inch SCH-40 (3m length),44,Pcs,1155.56,50844.68,INR,2026-05-11,Net 15,Januja Pradhan,Closed,DEP-03,PRJ-103
PO-40115,2026-07-08,PR-30145,V-1028,Birla Corporation,Road Construction Materials,I-5026,Bitumen VG-30 (drum 180kg),21,Drum,9204.07,193285.52,INR,2026-07-15,Net 60,Reva Viswanathan,Cancelled,DEP-05,PRJ-105
PO-40116,2025-11-13,PR-30146,V-1052,Finolex Pipes,Plumbing Materials,I-5052,PVC Elbow 4 inch,35,Nos,79.31,2775.76,INR,2025-11-24,Net 45,Reva Viswanathan,Closed,DEP-01,PRJ-101
PO-40117,2026-02-16,PR-30147,V-1027,JSW Steel,Road Construction Materials,I-5029,Wire Mesh Fabric 6mm@150c/c,12,Ton,56078.95,672947.39,INR,2026-02-21,Advance 20% + Net 30,Reva Viswanathan,Open,DEP-03,PRJ-103
PO-40118,2026-06-18,PR-30148,V-1037,RenewSys India,Solar Panels,I-5034,String Inverter 50kW,10,Nos,364018.48,3640184.78,INR,2026-06-24,Net 45,Hemal Chad,Partially Delivered,DEP-03,PRJ-103
PO-40119,2025-09-29,PR-30149,V-1051,Supreme Industries,Plumbing Materials,I-5052,PVC Elbow 4 inch,11,Nos,75.59,831.51,INR,2025-10-02,Net 30,David Seshadri,Closed,DEP-06,PRJ-106
PO-40120,2025-11-08,PR-30150,V-1055,CERA Sanitaryware,Plumbing Materials,I-5056,Concealed Cistern with Frame,29,Set,6807.04,197404.29,INR,2025-11-15,Net 30,Hemal Chad,Closed,DEP-01,PRJ-101
PO-40121,2026-07-23,PR-30151,V-1021,ACC Limited,Road Construction Materials,I-5025,River Sand (fine aggregate),45,Ton,1477.42,66483.86,INR,2026-07-30,Advance 20% + Net 30,Januja Pradhan,Open,DEP-02,PRJ-102
PO-40122,2026-07-11,PR-30152,V-1004,V-Guard Industries,Electrical,I-5008,Earthing Strip GI 25x3mm,29,Mtr,97.96,2840.75,INR,2026-07-30,Advance 20% + Net 30,Hemal Chad,Closed,DEP-06,PRJ-106
PO-40123,2026-04-05,PR-30154,V-1001,Polycab India,Electrical,I-5009,Contactor 40A 3 Pole,16,Nos,1369.14,21906.2,INR,2026-04-16,Net 30,David Seshadri,Closed,DEP-03,PRJ-103
PO-40124,2026-07-28,PR-30155,V-1033,Vikram Solar,Solar Panels,I-5033,Solar Module 550Wp Bifacial,26,Nos,13587.14,353265.71,INR,2026-08-17,Advance 20% + Net 30,Januja Pradhan,Closed,DEP-04,PRJ-104
PO-40125,2025-10-05,PR-30156,V-1054,Ashirvad Pipes (Aliaxis),Plumbing Materials,I-5053,Ball Valve 1 inch Brass,32,Nos,268.05,8577.69,INR,2025-10-11,Net 15,Hemal Chad,Closed,DEP-06,PRJ-106
PO-40126,2025-11-01,PR-30157,V-1009,Orient Electric,Electrical,I-5004,LED Flood Light 100W,60,Nos,1567.48,94049.01,INR,2025-11-19,Net 15,Balveer Kota,Closed,DEP-03,PRJ-103
PO-40127,2025-12-27,PR-30158,V-1037,RenewSys India,Solar Panels,I-5033,Solar Module 550Wp Bifacial,29,Nos,12536.03,363544.78,INR,2026-01-11,Net 45,Hemal Chad,Partially Delivered,DEP-05,PRJ-105
PO-40128,2026-01-18,PR-30159,V-1058,Kajaria Ceramics,Plumbing Materials,I-5055,Sanitaryware Wash Basin,15,Nos,2092.24,31383.57,INR,2026-02-02,Net 60,Reva Viswanathan,Closed,DEP-04,PRJ-104
PO-40129,2026-02-07,PR-30160,V-1013,Archidply Industries,Carpentry,I-5021,Adhesive Fevicol SH (5kg),5,Can,1158.54,5792.71,INR,2026-02-17,Advance 20% + Net 30,Reva Viswanathan,Closed,DEP-03,PRJ-103
PO-40130,2025-10-25,PR-30161,V-1022,Ambuja Cements,Road Construction Materials,I-5026,Bitumen VG-30 (drum 180kg),19,Drum,9365.19,177938.52,INR,2025-10-30,Net 15,Hemal Chad,Closed,DEP-06,PRJ-106
PO-40131,2026-07-30,PR-30162,V-1003,Anchor by Panasonic,Electrical,I-5002,MCB 32A Single Pole,14,Nos,170.31,2384.36,INR,2026-08-10,Net 15,Reva Viswanathan,Partially Delivered,DEP-05,PRJ-105
PO-40132,2025-12-17,PR-30163,V-1004,V-Guard Industries,Electrical,I-5005,Modular Switch 6A,70,Nos,55.83,3908.21,INR,2025-12-21,Advance 20% + Net 30,Balveer Kota,Closed,DEP-04,PRJ-104
PO-40133,2025-09-18,PR-30164,V-1041,Amara Raja Batteries (Amaron),Batteries,I-5044,Inverter 2.5kVA Pure Sinewave,26,Nos,13920.98,361945.47,INR,2025-09-24,Net 30,Hemal Chad,Closed,DEP-03,PRJ-103
PO-40134,2025-09-14,PR-30165,V-1015,Action Tesa,Carpentry,I-5013,Laminate Sheet 1mm (8x4 ft),49,Sheet,1000.13,49006.35,INR,2025-09-18,Net 30,David Seshadri,Partially Delivered,DEP-05,PRJ-105
PO-40135,2025-12-10,PR-30166,V-1004,V-Guard Industries,Electrical,I-5003,Distribution Board 8-Way,16,Nos,1145.43,18326.83,INR,2025-12-26,Advance 20% + Net 30,Reva Viswanathan,Partially Delivered,DEP-04,PRJ-104
PO-40136,2026-03-08,PR-30167,V-1046,Livguard Energy,Batteries,I-5048,Battery Monitoring System (BMS module),37,Nos,3985.71,147471.2,INR,2026-03-16,Net 15,Januja Pradhan,Closed,DEP-05,PRJ-105
PO-40137,2025-10-28,PR-30168,V-1053,Prince Pipes,Plumbing Materials,I-5052,PVC Elbow 4 inch,40,Nos,73.57,2942.85,INR,2025-11-12,Net 15,Hemal Chad,Closed,DEP-05,PRJ-105
PO-40138,2026-06-20,PR-30169,V-1022,Ambuja Cements,Road Construction Materials,I-5031,Geotextile Fabric (roll 100m2),4,Roll,4644.66,18578.65,INR,2026-06-24,Net 15,Hemal Chad,Closed,DEP-06,PRJ-106
PO-40139,2026-02-15,PR-30170,V-1028,Birla Corporation,Road Construction Materials,I-5024,Crushed Stone Aggregate 20mm,25,Ton,819.58,20489.46,INR,2026-02-20,Net 60,Reva Viswanathan,Closed,DEP-02,PRJ-102
PO-40140,2026-08-04,PR-30171,V-1043,Su-Kam Power Systems,Batteries,I-5049,Deep Cycle Battery 200Ah,21,Nos,22284.74,467979.63,INR,2026-08-12,Net 15,Balveer Kota,Closed,DEP-04,PRJ-104
PO-40141,2025-12-05,PR-30172,V-1041,Amara Raja Batteries (Amaron),Batteries,I-5042,Tubular Battery 150Ah C10,41,Nos,13611.25,558061.34,INR,2025-12-12,Net 30,David Seshadri,Closed,DEP-04,PRJ-104
PO-40142,2026-04-20,PR-30173,V-1031,Waaree Energies,Solar Panels,I-5037,MC4 Connector Pair,36,Pair,89.19,3210.9,INR,2026-04-24,Net 30,Reva Viswanathan,Closed,DEP-06,PRJ-106
PO-40143,2025-11-24,PR-30174,V-1041,Amara Raja Batteries (Amaron),Batteries,I-5045,VRLA SMF Battery 12V 100Ah,12,Nos,8711.12,104533.5,INR,2025-12-07,Net 30,Reva Viswanathan,Closed,DEP-01,PRJ-101
PO-40144,2026-07-10,PR-30175,V-1058,Kajaria Ceramics,Plumbing Materials,I-5052,PVC Elbow 4 inch,16,Nos,98.32,1573.17,INR,2026-07-21,Net 60,Balveer Kota,Closed,DEP-04,PRJ-104
PO-40145,2026-01-30,PR-30176,V-1004,V-Guard Industries,Electrical,I-5001,PVC Insulated Wire 2.5 sqmm (90m coil),10,Coil,1469.19,14691.91,INR,2026-02-17,Advance 20% + Net 30,Balveer Kota,Partially Delivered,DEP-03,PRJ-103
PO-40146,2025-11-22,PR-30177,V-1049,Exicom Power Solutions,Batteries,I-5042,Tubular Battery 150Ah C10,45,Nos,13063.51,587857.73,INR,2025-12-12,Net 30,Reva Viswanathan,Closed,DEP-02,PRJ-102
PO-40147,2026-03-27,PR-30178,V-1029,L&T Construction Materials,Road Construction Materials,I-5023,TMT Steel Bar Fe500D 12mm,8,Ton,59527.25,476217.99,INR,2026-04-02,Net 30,Reva Viswanathan,Partially Delivered,DEP-02,PRJ-102
PO-40148,2025-12-19,PR-30179,V-1051,Supreme Industries,Plumbing Materials,I-5056,Concealed Cistern with Frame,11,Set,7821.89,86040.81,INR,2026-01-03,Net 30,Januja Pradhan,Closed,DEP-01,PRJ-101
PO-40149,2025-10-29,PR-30180,V-1039,Loom Solar,Solar Panels,I-5038,Combiner Box 6 in 1 out,9,Nos,6113.9,55025.13,INR,2025-11-10,Advance 20% + Net 30,Balveer Kota,Partially Delivered,DEP-05,PRJ-105
PO-40150,2026-01-19,PR-30181,V-1017,Hettich India,Carpentry,I-5019,Veneer Sheet Teak (8x4 ft),24,Sheet,3757.48,90179.63,INR,2026-01-29,Net 45,Reva Viswanathan,Closed,DEP-06,PRJ-106
PO-40151,2026-05-23,PR-30183,V-1003,Anchor by Panasonic,Electrical,I-5011,Cable Gland Brass 25mm,23,Nos,53.55,1231.59,INR,2026-05-27,Net 15,Reva Viswanathan,Closed,DEP-02,PRJ-102
PO-40152,2026-01-06,PR-30184,V-1055,CERA Sanitaryware,Plumbing Materials,I-5050,UPVC Pipe 4 inch SCH-40 (3m length),19,Pcs,1040.12,19762.36,INR,2026-01-14,Net 30,Balveer Kota,Partially Delivered,DEP-06,PRJ-106
PO-40153,2026-01-22,PR-30185,V-1012,Kitply Industries,Carpentry,I-5015,Hinges SS 4 inch,14,Pair,73.09,1023.3,INR,2026-01-25,Net 15,Januja Pradhan,Closed,DEP-06,PRJ-106
PO-40154,2026-02-03,PR-30186,V-1015,Action Tesa,Carpentry,I-5019,Veneer Sheet Teak (8x4 ft),5,Sheet,3687.81,18439.04,INR,2026-02-15,Net 30,David Seshadri,Closed,DEP-04,PRJ-104
PO-40155,2025-12-11,PR-30187,V-1055,CERA Sanitaryware,Plumbing Materials,I-5054,Water Tank 1000L HDPE,42,Nos,5839.11,245242.49,INR,2025-12-14,Net 30,Balveer Kota,Closed,DEP-06,PRJ-106
PO-40156,2025-12-29,PR-30188,V-1044,Okaya Power,Batteries,I-5047,Battery Interconnect Cable Set,7,Set,586.83,4107.82,INR,2026-01-18,Net 15,David Seshadri,Closed,DEP-05,PRJ-105
PO-40157,2026-02-04,PR-30190,V-1029,L&T Construction Materials,Road Construction Materials,I-5031,Geotextile Fabric (roll 100m2),19,Roll,4510.28,85695.37,INR,2026-02-22,Net 30,Januja Pradhan,Partially Delivered,DEP-03,PRJ-103
PO-40158,2026-04-24,PR-30191,V-1022,Ambuja Cements,Road Construction Materials,I-5031,Geotextile Fabric (roll 100m2),12,Roll,4529.66,54355.89,INR,2026-04-28,Net 15,Balveer Kota,Closed,DEP-02,PRJ-102
PO-40159,2026-07-23,PR-30192,V-1005,Crompton Greaves Consumer,Electrical,I-5006,Cable Tray 300mm (2m length),22,Nos,1086.53,23903.73,INR,2026-08-05,Advance 20% + Net 30,Januja Pradhan,Open,DEP-01,PRJ-101
PO-40160,2026-03-17,PR-30193,V-1024,JK Cement,Road Construction Materials,I-5023,TMT Steel Bar Fe500D 12mm,20,Ton,56472.44,1129448.8,INR,2026-04-05,Advance 20% + Net 30,Balveer Kota,Closed,DEP-03,PRJ-103
PO-40161,2025-09-11,PR-30194,V-1002,Finolex Cables,Electrical,I-5006,Cable Tray 300mm (2m length),14,Nos,820.49,11486.89,INR,2025-09-25,Advance 20% + Net 30,David Seshadri,Open,DEP-02,PRJ-102
PO-40162,2025-11-03,PR-30195,V-1043,Su-Kam Power Systems,Batteries,I-5042,Tubular Battery 150Ah C10,4,Nos,13591.09,54364.36,INR,2025-11-15,Net 15,David Seshadri,Closed,DEP-06,PRJ-106
PO-40163,2025-11-05,PR-30196,V-1034,Goldi Solar,Solar Panels,I-5041,Solar Cable Gland Set,15,Set,125.3,1879.44,INR,2025-11-14,Advance 20% + Net 30,Reva Viswanathan,Closed,DEP-01,PRJ-101
PO-40164,2025-10-17,PR-30197,V-1001,Polycab India,Electrical,I-5010,MCCB 200A,34,Nos,7249.94,246497.87,INR,2025-10-28,Net 30,Reva Viswanathan,Closed,DEP-02,PRJ-102
PO-40165,2026-04-08,PR-30198,V-1022,Ambuja Cements,Road Construction Materials,I-5027,Ready Mix Concrete M25,42,Cum,5462.55,229427.13,INR,2026-04-21,Net 15,Reva Viswanathan,Closed,DEP-03,PRJ-103
PO-40166,2026-01-24,PR-30199,V-1022,Ambuja Cements,Road Construction Materials,I-5029,Wire Mesh Fabric 6mm@150c/c,22,Ton,56748.37,1248464.22,INR,2026-01-31,Net 15,David Seshadri,Closed,DEP-04,PRJ-104
PO-40167,2026-07-16,PR-30200,V-1032,Adani Solar,Solar Panels,I-5034,String Inverter 50kW,33,Nos,411816.14,13589932.54,INR,2026-08-03,Net 60,Reva Viswanathan,Closed,DEP-05,PRJ-105
PO-40168,2026-02-25,PR-30201,V-1043,Su-Kam Power Systems,Batteries,I-5045,VRLA SMF Battery 12V 100Ah,25,Nos,9411.6,235289.95,INR,2026-03-11,Net 15,Reva Viswanathan,Closed,DEP-05,PRJ-105
PO-40169,2026-05-12,PR-30202,V-1056,Jaquar Group,Plumbing Materials,I-5051,CPVC Pipe 1 inch (3m length),31,Pcs,380.33,11790.26,INR,2026-05-22,Net 15,Reva Viswanathan,Closed,DEP-04,PRJ-104
PO-40170,2026-06-18,PR-30203,V-1028,Birla Corporation,Road Construction Materials,I-5022,OPC 53 Grade Cement (50kg bag),7,Bag,377.44,2642.05,INR,2026-06-27,Net 60,Reva Viswanathan,Closed,DEP-01,PRJ-101
PO-40171,2026-04-23,PR-30204,V-1034,Goldi Solar,Solar Panels,I-5037,MC4 Connector Pair,29,Pair,90.45,2622.99,INR,2026-05-12,Advance 20% + Net 30,David Seshadri,Closed,DEP-05,PRJ-105
PO-40172,2026-04-27,PR-30207,V-1040,Exide Industries,Batteries,I-5049,Deep Cycle Battery 200Ah,35,Nos,19184.08,671442.8,INR,2026-05-13,Net 45,Reva Viswanathan,Partially Delivered,DEP-01,PRJ-101
PO-40173,2026-04-26,PR-30209,V-1058,Kajaria Ceramics,Plumbing Materials,I-5054,Water Tank 1000L HDPE,63,Nos,6592.64,415336.34,INR,2026-05-16,Net 60,Hemal Chad,Closed,DEP-04,PRJ-104
PO-40174,2026-05-19,PR-30210,V-1039,Loom Solar,Solar Panels,I-5034,String Inverter 50kW,18,Nos,382972.49,6893504.91,INR,2026-06-04,Advance 20% + Net 30,Januja Pradhan,Closed,DEP-06,PRJ-106
PO-40175,2025-12-19,PR-30212,V-1038,Websol Energy System,Solar Panels,I-5036,DC Cable 4 sqmm Solar Grade (100m),29,Coil,3078.13,89265.83,INR,2026-01-08,Net 45,Januja Pradhan,Closed,DEP-01,PRJ-101
PO-40176,2026-06-14,PR-30213,V-1055,CERA Sanitaryware,Plumbing Materials,I-5055,Sanitaryware Wash Basin,49,Nos,2615.06,128137.8,INR,2026-07-04,Net 30,Hemal Chad,Open,DEP-04,PRJ-104
PO-40177,2026-03-15,PR-30214,V-1044,Okaya Power,Batteries,I-5043,Lithium-ion Battery Pack 48V 100Ah,8,Nos,113245.59,905964.75,INR,2026-03-28,Net 15,Hemal Chad,Closed,DEP-02,PRJ-102
PO-40178,2026-06-11,PR-30215,V-1028,Birla Corporation,Road Construction Materials,I-5031,Geotextile Fabric (roll 100m2),7,Roll,4910.21,34371.46,INR,2026-06-30,Net 60,Januja Pradhan,Closed,DEP-06,PRJ-106
PO-40179,2026-03-02,PR-30217,V-1000,Havells India,Electrical,I-5010,MCCB 200A,29,Nos,7776.37,225514.73,INR,2026-03-17,Net 15,David Seshadri,Partially Delivered,DEP-06,PRJ-106
PO-40180,2026-06-03,PR-30218,V-1006,Legrand India,Electrical,I-5008,Earthing Strip GI 25x3mm,31,Mtr,107.0,3317.13,INR,2026-06-12,Net 45,Reva Viswanathan,Closed,DEP-01,PRJ-101
PO-40181,2025-09-30,PR-30219,V-1006,Legrand India,Electrical,I-5001,PVC Insulated Wire 2.5 sqmm (90m coil),22,Coil,1442.2,31728.49,INR,2025-10-17,Net 45,Reva Viswanathan,Closed,DEP-03,PRJ-103
PO-40182,2026-01-27,PR-30221,V-1023,Shree Cement,Road Construction Materials,I-5023,TMT Steel Bar Fe500D 12mm,23,Ton,54368.52,1250475.91,INR,2026-02-11,Net 45,Januja Pradhan,Open,DEP-06,PRJ-106
PO-40183,2025-11-17,PR-30222,V-1031,Waaree Energies,Solar Panels,I-5040,Anti-Reflective Glass Panel (spare),54,Nos,2813.54,151931.04,INR,2025-11-26,Net 30,Balveer Kota,Open,DEP-01,PRJ-101
PO-40184,2026-06-23,PR-30223,V-1011,Greenply Industries,Carpentry,I-5014,MDF Board 12mm (8x4 ft),10,Sheet,1591.77,15917.69,INR,2026-06-29,Net 60,Januja Pradhan,Closed,DEP-03,PRJ-103
PO-40185,2026-02-16,PR-30224,V-1009,Orient Electric,Electrical,I-5003,Distribution Board 8-Way,17,Nos,1208.04,20536.64,INR,2026-03-02,Net 15,Reva Viswanathan,Partially Delivered,DEP-05,PRJ-105
PO-40186,2026-02-21,PR-30225,V-1002,Finolex Cables,Electrical,I-5011,Cable Gland Brass 25mm,37,Nos,52.92,1957.92,INR,2026-02-26,Advance 20% + Net 30,Hemal Chad,Partially Delivered,DEP-03,PRJ-103
PO-40187,2026-06-29,PR-30226,V-1008,KEI Industries,Electrical,I-5009,Contactor 40A 3 Pole,39,Nos,1503.04,58618.5,INR,2026-07-06,Net 30,Hemal Chad,Closed,DEP-06,PRJ-106
PO-40188,2026-08-12,PR-30227,V-1028,Birla Corporation,Road Construction Materials,I-5022,OPC 53 Grade Cement (50kg bag),20,Bag,359.47,7189.39,INR,2026-08-29,Net 60,Januja Pradhan,Closed,DEP-04,PRJ-104
PO-40189,2025-10-08,PR-30228,V-1045,HBL Power Systems,Batteries,I-5045,VRLA SMF Battery 12V 100Ah,28,Nos,9347.61,261733.03,INR,2025-10-26,Net 45,David Seshadri,Partially Delivered,DEP-02,PRJ-102
PO-40190,2026-06-27,PR-30229,V-1041,Amara Raja Batteries (Amaron),Batteries,I-5046,Battery Rack 4-Tier MS,19,Nos,3363.16,63899.96,INR,2026-07-08,Net 30,Hemal Chad,Closed,DEP-06,PRJ-106
PO-40191,2025-11-26,PR-30230,V-1055,CERA Sanitaryware,Plumbing Materials,I-5057,Bathroom Faucet Single Lever,34,Nos,1499.72,50990.58,INR,2025-12-02,Net 30,Reva Viswanathan,Closed,DEP-05,PRJ-105
PO-40192,2025-09-14,PR-30231,V-1030,Tata Power Solar,Solar Panels,I-5038,Combiner Box 6 in 1 out,15,Nos,5790.33,86854.96,INR,2025-09-21,Net 60,Balveer Kota,Closed,DEP-02,PRJ-102
PO-40193,2025-10-16,PR-30232,V-1046,Livguard Energy,Batteries,I-5046,Battery Rack 4-Tier MS,41,Nos,2950.16,120956.53,INR,2025-10-23,Net 15,Hemal Chad,Open,DEP-06,PRJ-106
PO-40194,2025-11-01,PR-30233,V-1022,Ambuja Cements,Road Construction Materials,I-5024,Crushed Stone Aggregate 20mm,45,Ton,760.51,34223.1,INR,2025-11-07,Net 15,Januja Pradhan,Closed,DEP-02,PRJ-102
PO-40195,2025-09-27,PR-30235,V-1036,Emmvee Solar,Solar Panels,I-5037,MC4 Connector Pair,22,Pair,86.47,1902.36,INR,2025-10-18,Net 45,Januja Pradhan,Partially Delivered,DEP-04,PRJ-104
PO-40196,2025-09-04,PR-30236,V-1026,Tata Steel,Road Construction Materials,I-5025,River Sand (fine aggregate),13,Ton,1292.66,16804.61,INR,2025-09-17,Net 60,David Seshadri,Closed,DEP-05,PRJ-105
PO-40197,2025-12-17,PR-30237,V-1037,RenewSys India,Solar Panels,I-5038,Combiner Box 6 in 1 out,16,Nos,5997.7,95963.14,INR,2025-12-29,Net 45,Reva Viswanathan,Closed,DEP-03,PRJ-103
PO-40198,2025-12-24,PR-30238,V-1050,Astral Pipes,Plumbing Materials,I-5051,CPVC Pipe 1 inch (3m length),33,Pcs,339.73,11211.1,INR,2026-01-08,Net 60,David Seshadri,Cancelled,DEP-06,PRJ-106
PO-40199,2026-07-06,PR-30239,V-1046,Livguard Energy,Batteries,I-5049,Deep Cycle Battery 200Ah,9,Nos,21541.56,193874.02,INR,2026-07-25,Net 15,Januja Pradhan,Closed,DEP-01,PRJ-101
PO-40200,2026-01-31,PR-30240,V-1052,Finolex Pipes,Plumbing Materials,I-5058,Submersible Pump 1HP,9,Nos,7916.19,71245.7,INR,2026-02-14,Net 45,David Seshadri,Closed,DEP-06,PRJ-106
PO-40201,2025-09-14,PR-30241,V-1039,Loom Solar,Solar Panels,I-5040,Anti-Reflective Glass Panel (spare),20,Nos,2836.84,56736.73,INR,2025-09-28,Advance 20% + Net 30,Balveer Kota,Cancelled,DEP-04,PRJ-104
PO-40202,2026-04-26,PR-30242,V-1031,Waaree Energies,Solar Panels,I-5035,Module Mounting Structure (per kW),30,kW Set,4409.25,132277.42,INR,2026-05-08,Net 30,David Seshadri,Closed,DEP-02,PRJ-102
PO-40203,2026-05-10,PR-30243,V-1050,Astral Pipes,Plumbing Materials,I-5059,Pipe Clamp GI 4 inch,26,Nos,68.15,1771.98,INR,2026-05-16,Net 60,Reva Viswanathan,Closed,DEP-04,PRJ-104
PO-40204,2026-01-16,PR-30244,V-1032,Adani Solar,Solar Panels,I-5032,Solar Module 540Wp Mono PERC,15,Nos,11192.42,167886.26,INR,2026-01-29,Net 60,Januja Pradhan,Closed,DEP-03,PRJ-103
PO-40205,2026-01-01,PR-30245,V-1029,L&T Construction Materials,Road Construction Materials,I-5025,River Sand (fine aggregate),40,Ton,1397.11,55884.54,INR,2026-01-08,Net 30,David Seshadri,Open,DEP-02,PRJ-102
PO-40206,2026-03-14,PR-30246,V-1058,Kajaria Ceramics,Plumbing Materials,I-5057,Bathroom Faucet Single Lever,33,Nos,1666.94,55008.98,INR,2026-03-29,Net 60,Januja Pradhan,Closed,DEP-05,PRJ-105
PO-40207,2026-04-24,PR-30247,V-1023,Shree Cement,Road Construction Materials,I-5024,Crushed Stone Aggregate 20mm,31,Ton,749.14,23223.36,INR,2026-05-15,Net 45,Balveer Kota,Closed,DEP-03,PRJ-103
PO-40208,2026-05-17,PR-30248,V-1024,JK Cement,Road Construction Materials,I-5024,Crushed Stone Aggregate 20mm,13,Ton,850.4,11055.15,INR,2026-05-25,Advance 20% + Net 30,Januja Pradhan,Closed,DEP-05,PRJ-105
PO-40209,2026-05-07,PR-30249,V-1015,Action Tesa,Carpentry,I-5014,MDF Board 12mm (8x4 ft),17,Sheet,1660.46,28227.85,INR,2026-05-19,Net 30,Januja Pradhan,Closed,DEP-04,PRJ-104
PO-40210,2026-02-22,PR-30250,V-1006,Legrand India,Electrical,I-5011,Cable Gland Brass 25mm,12,Nos,51.4,616.82,INR,2026-03-08,Net 45,Januja Pradhan,Partially Delivered,DEP-06,PRJ-106
PO-40211,2025-10-13,PR-30251,V-1035,Premier Energies,Solar Panels,I-5039,Earthing Kit for Module Structure,14,Set,793.58,11110.17,INR,2025-11-03,Net 15,David Seshadri,Closed,DEP-06,PRJ-106
PO-40212,2026-04-20,PR-30252,V-1030,Tata Power Solar,Solar Panels,I-5036,DC Cable 4 sqmm Solar Grade (100m),31,Coil,2965.73,91937.58,INR,2026-04-30,Net 60,David Seshadri,Closed,DEP-05,PRJ-105
PO-40213,2025-10-28,PR-30253,V-1043,Su-Kam Power Systems,Batteries,I-5043,Lithium-ion Battery Pack 48V 100Ah,40,Nos,103716.98,4148679.27,INR,2025-11-14,Net 15,Hemal Chad,Closed,DEP-01,PRJ-101
PO-40214,2026-01-23,PR-30254,V-1059,Roto Pumps,Plumbing Materials,I-5058,Submersible Pump 1HP,44,Nos,8333.21,366661.41,INR,2026-02-11,Advance 20% + Net 30,Januja Pradhan,Closed,DEP-04,PRJ-104
PO-40215,2026-02-05,PR-30255,V-1027,JSW Steel,Road Construction Materials,I-5024,Crushed Stone Aggregate 20mm,15,Ton,772.47,11587.01,INR,2026-02-08,Advance 20% + Net 30,Reva Viswanathan,Closed,DEP-03,PRJ-103
PO-40216,2026-04-05,PR-30256,V-1036,Emmvee Solar,Solar Panels,I-5035,Module Mounting Structure (per kW),27,kW Set,4758.03,128466.68,INR,2026-04-16,Net 45,Hemal Chad,Closed,DEP-01,PRJ-101
PO-40217,2026-04-01,PR-30257,V-1049,Exicom Power Solutions,Batteries,I-5046,Battery Rack 4-Tier MS,41,Nos,3319.39,136094.96,INR,2026-04-12,Net 30,Reva Viswanathan,Open,DEP-06,PRJ-106
PO-40218,2026-01-25,PR-30258,V-1010,Century Plyboards,Carpentry,I-5013,Laminate Sheet 1mm (8x4 ft),29,Sheet,1087.9,31549.1,INR,2026-02-03,Net 45,Balveer Kota,Closed,DEP-01,PRJ-101
PO-40219,2025-10-10,PR-30259,V-1000,Havells India,Electrical,I-5006,Cable Tray 300mm (2m length),41,Nos,870.82,35703.68,INR,2025-10-20,Net 15,Reva Viswanathan,Closed,DEP-02,PRJ-102
PO-40220,2026-02-18,PR-30260,V-1024,JK Cement,Road Construction Materials,I-5026,Bitumen VG-30 (drum 180kg),28,Drum,9129.44,255624.19,INR,2026-03-02,Advance 20% + Net 30,David Seshadri,Closed,DEP-02,PRJ-102
PO-40221,2026-03-28,PR-30261,V-1049,Exicom Power Solutions,Batteries,I-5043,Lithium-ion Battery Pack 48V 100Ah,8,Nos,111558.67,892469.4,INR,2026-04-11,Net 30,Hemal Chad,Open,DEP-02,PRJ-102
PO-40222,2025-10-31,PR-30262,V-1037,RenewSys India,Solar Panels,I-5040,Anti-Reflective Glass Panel (spare),24,Nos,2851.65,68439.66,INR,2025-11-03,Net 45,Balveer Kota,Closed,DEP-03,PRJ-103
PO-40223,2026-06-21,PR-30263,V-1039,Loom Solar,Solar Panels,I-5035,Module Mounting Structure (per kW),19,kW Set,5050.0,95949.98,INR,2026-06-29,Advance 20% + Net 30,Hemal Chad,Closed,DEP-05,PRJ-105
PO-40224,2025-09-13,PR-30264,V-1028,Birla Corporation,Road Construction Materials,I-5024,Crushed Stone Aggregate 20mm,28,Ton,778.85,21807.77,INR,2025-09-22,Net 60,Reva Viswanathan,Closed,DEP-05,PRJ-105
PO-40225,2025-09-27,PR-30265,V-1030,Tata Power Solar,Solar Panels,I-5033,Solar Module 550Wp Bifacial,22,Nos,11895.33,261697.2,INR,2025-10-12,Net 60,Januja Pradhan,Closed,DEP-01,PRJ-101
PO-40226,2026-04-04,PR-30267,V-1001,Polycab India,Electrical,I-5008,Earthing Strip GI 25x3mm,14,Mtr,96.53,1351.45,INR,2026-04-09,Net 30,Januja Pradhan,Partially Delivered,DEP-06,PRJ-106
PO-40227,2026-06-19,PR-30268,V-1037,RenewSys India,Solar Panels,I-5034,String Inverter 50kW,5,Nos,389500.77,1947503.83,INR,2026-06-25,Net 45,Hemal Chad,Closed,DEP-05,PRJ-105
PO-40228,2026-02-20,PR-30269,V-1053,Prince Pipes,Plumbing Materials,I-5058,Submersible Pump 1HP,6,Nos,8236.78,49420.71,INR,2026-03-12,Net 15,Januja Pradhan,Closed,DEP-03,PRJ-103
PO-40229,2025-09-11,PR-30270,V-1055,CERA Sanitaryware,Plumbing Materials,I-5059,Pipe Clamp GI 4 inch,37,Nos,50.16,1856.07,INR,2025-09-22,Net 30,Januja Pradhan,Partially Delivered,DEP-01,PRJ-101
PO-40230,2025-10-24,PR-30271,V-1017,Hettich India,Carpentry,I-5016,Drawer Channel 18 inch Telescopic,8,Pair,354.94,2839.56,INR,2025-11-11,Net 45,Januja Pradhan,Partially Delivered,DEP-02,PRJ-102
PO-40231,2026-02-28,PR-30272,V-1059,Roto Pumps,Plumbing Materials,I-5055,Sanitaryware Wash Basin,9,Nos,2325.71,20931.42,INR,2026-03-15,Advance 20% + Net 30,Januja Pradhan,Closed,DEP-01,PRJ-101
PO-40232,2026-04-20,PR-30273,V-1032,Adani Solar,Solar Panels,I-5038,Combiner Box 6 in 1 out,13,Nos,6566.05,85358.62,INR,2026-05-03,Net 60,Januja Pradhan,Closed,DEP-01,PRJ-101
PO-40233,2026-05-07,PR-30274,V-1008,KEI Industries,Electrical,I-5002,MCB 32A Single Pole,8,Nos,152.32,1218.58,INR,2026-05-17,Net 30,Reva Viswanathan,Closed,DEP-06,PRJ-106
PO-40234,2026-07-05,PR-30275,V-1017,Hettich India,Carpentry,I-5017,Door Lock Mortise Set,19,Set,1010.9,19207.15,INR,2026-07-12,Net 45,Hemal Chad,Closed,DEP-03,PRJ-103
PO-40235,2026-01-30,PR-30276,V-1055,CERA Sanitaryware,Plumbing Materials,I-5052,PVC Elbow 4 inch,29,Nos,84.56,2452.2,INR,2026-02-19,Net 30,Januja Pradhan,Closed,DEP-02,PRJ-102
PO-40236,2026-08-08,PR-30277,V-1009,Orient Electric,Electrical,I-5009,Contactor 40A 3 Pole,25,Nos,1712.99,42824.86,INR,2026-08-12,Net 15,David Seshadri,Closed,DEP-06,PRJ-106
PO-40237,2026-07-07,PR-30279,V-1050,Astral Pipes,Plumbing Materials,I-5057,Bathroom Faucet Single Lever,46,Nos,1955.43,89949.83,INR,2026-07-17,Net 60,Balveer Kota,Partially Delivered,DEP-01,PRJ-101
PO-40238,2026-06-18,PR-30280,V-1056,Jaquar Group,Plumbing Materials,I-5050,UPVC Pipe 4 inch SCH-40 (3m length),22,Pcs,1114.77,24524.93,INR,2026-06-28,Net 15,Januja Pradhan,Closed,DEP-04,PRJ-104
PO-40239,2025-12-15,PR-30281,V-1002,Finolex Cables,Electrical,I-5008,Earthing Strip GI 25x3mm,36,Mtr,84.83,3053.96,INR,2025-12-23,Advance 20% + Net 30,Januja Pradhan,Closed,DEP-06,PRJ-106
PO-40240,2026-04-05,PR-30282,V-1053,Prince Pipes,Plumbing Materials,I-5056,Concealed Cistern with Frame,6,Set,7968.83,47812.96,INR,2026-04-12,Net 15,Januja Pradhan,Closed,DEP-03,PRJ-103
PO-40241,2025-11-11,PR-30283,V-1026,Tata Steel,Road Construction Materials,I-5029,Wire Mesh Fabric 6mm@150c/c,29,Ton,50610.89,1467715.74,INR,2025-11-29,Net 60,Hemal Chad,Closed,DEP-01,PRJ-101
PO-40242,2026-01-09,PR-30285,V-1036,Emmvee Solar,Solar Panels,I-5039,Earthing Kit for Module Structure,8,Set,813.75,6510.03,INR,2026-01-30,Net 45,Januja Pradhan,Closed,DEP-04,PRJ-104
PO-40243,2026-05-28,PR-30286,V-1050,Astral Pipes,Plumbing Materials,I-5053,Ball Valve 1 inch Brass,24,Nos,318.77,7650.38,INR,2026-06-09,Net 60,Balveer Kota,Closed,DEP-01,PRJ-101
PO-40244,2025-10-23,PR-30287,V-1046,Livguard Energy,Batteries,I-5049,Deep Cycle Battery 200Ah,21,Nos,19535.34,410242.21,INR,2025-11-05,Net 15,Hemal Chad,Closed,DEP-04,PRJ-104
PO-40245,2025-11-04,PR-30288,V-1036,Emmvee Solar,Solar Panels,I-5034,String Inverter 50kW,53,Nos,348282.29,18458961.34,INR,2025-11-12,Net 45,Reva Viswanathan,Closed,DEP-06,PRJ-106
PO-40246,2025-10-01,PR-30289,V-1052,Finolex Pipes,Plumbing Materials,I-5052,PVC Elbow 4 inch,16,Nos,76.1,1217.62,INR,2025-10-08,Net 45,David Seshadri,Cancelled,DEP-02,PRJ-102
PO-40247,2026-04-28,PR-30290,V-1043,Su-Kam Power Systems,Batteries,I-5042,Tubular Battery 150Ah C10,45,Nos,14629.58,658331.01,INR,2026-05-19,Net 15,Reva Viswanathan,Closed,DEP-05,PRJ-105
PO-40248,2025-09-28,PR-30291,V-1039,Loom Solar,Solar Panels,I-5035,Module Mounting Structure (per kW),25,kW Set,4406.53,110163.17,INR,2025-10-10,Advance 20% + Net 30,David Seshadri,Closed,DEP-06,PRJ-106
PO-40249,2026-01-31,PR-30294,V-1048,Base Corporation,Batteries,I-5043,Lithium-ion Battery Pack 48V 100Ah,43,Nos,110157.55,4736774.69,INR,2026-02-09,Net 30,David Seshadri,Closed,DEP-04,PRJ-104
PO-40250,2026-04-12,PR-30295,V-1042,Luminous Power Technologies,Batteries,I-5046,Battery Rack 4-Tier MS,26,Nos,3191.59,82981.25,INR,2026-05-03,Advance 20% + Net 30,Reva Viswanathan,Closed,DEP-04,PRJ-104
PO-40251,2025-11-04,PR-30296,V-1005,Crompton Greaves Consumer,Electrical,I-5010,MCCB 200A,15,Nos,7098.23,106473.43,INR,2025-11-24,Advance 20% + Net 30,Hemal Chad,Partially Delivered,DEP-01,PRJ-101
PO-40252,2025-11-03,PR-30297,V-1022,Ambuja Cements,Road Construction Materials,I-5022,OPC 53 Grade Cement (50kg bag),30,Bag,370.55,11116.56,INR,2025-11-16,Net 15,Reva Viswanathan,Partially Delivered,DEP-05,PRJ-105
PO-40253,2026-06-05,PR-30298,V-1032,Adani Solar,Solar Panels,I-5040,Anti-Reflective Glass Panel (spare),22,Nos,2916.71,64167.51,INR,2026-06-08,Net 60,Reva Viswanathan,Closed,DEP-06,PRJ-106
PO-40254,2025-09-20,PR-30299,V-1034,Goldi Solar,Solar Panels,I-5037,MC4 Connector Pair,38,Pair,82.58,3138.06,INR,2025-10-09,Advance 20% + Net 30,David Seshadri,Closed,DEP-03,PRJ-103
PO-40255,2025-10-22,PR-30301,V-1048,Base Corporation,Batteries,I-5044,Inverter 2.5kVA Pure Sinewave,6,Nos,14812.52,88875.12,INR,2025-10-25,Net 30,David Seshadri,Closed,DEP-03,PRJ-103
PO-40256,2026-06-25,PR-30302,V-1048,Base Corporation,Batteries,I-5042,Tubular Battery 150Ah C10,20,Nos,13751.4,275028.04,INR,2026-07-12,Net 30,Balveer Kota,Closed,DEP-06,PRJ-106
PO-40257,2026-06-11,PR-30303,V-1039,Loom Solar,Solar Panels,I-5035,Module Mounting Structure (per kW),14,kW Set,5007.6,70106.46,INR,2026-06-19,Advance 20% + Net 30,Januja Pradhan,Closed,DEP-05,PRJ-105
PO-40258,2026-04-13,PR-30304,V-1027,JSW Steel,Road Construction Materials,I-5023,TMT Steel Bar Fe500D 12mm,13,Ton,61340.02,797420.24,INR,2026-04-27,Advance 20% + Net 30,Hemal Chad,Closed,DEP-01,PRJ-101
PO-40259,2025-10-24,PR-30305,V-1043,Su-Kam Power Systems,Batteries,I-5049,Deep Cycle Battery 200Ah,17,Nos,19331.24,328631.07,INR,2025-11-04,Net 15,Reva Viswanathan,Partially Delivered,DEP-01,PRJ-101
PO-40260,2025-12-02,PR-30306,V-1021,ACC Limited,Road Construction Materials,I-5029,Wire Mesh Fabric 6mm@150c/c,33,Ton,50456.54,1665065.95,INR,2025-12-22,Advance 20% + Net 30,Balveer Kota,Closed,DEP-01,PRJ-101
PO-40261,2025-12-21,PR-30307,V-1028,Birla Corporation,Road Construction Materials,I-5027,Ready Mix Concrete M25,25,Cum,5884.38,147109.44,INR,2025-12-29,Net 60,David Seshadri,Closed,DEP-04,PRJ-104
PO-40262,2026-02-17,PR-30309,V-1040,Exide Industries,Batteries,I-5048,Battery Monitoring System (BMS module),26,Nos,4156.88,108078.86,INR,2026-02-24,Net 45,Balveer Kota,Closed,DEP-06,PRJ-106
PO-40263,2026-02-28,PR-30310,V-1024,JK Cement,Road Construction Materials,I-5028,PQC Dowel Bar 32mm,37,Ton,62799.84,2323594.11,INR,2026-03-14,Advance 20% + Net 30,David Seshadri,Partially Delivered,DEP-06,PRJ-106
PO-40264,2026-03-25,PR-30311,V-1022,Ambuja Cements,Road Construction Materials,I-5031,Geotextile Fabric (roll 100m2),8,Roll,4526.0,36208.03,INR,2026-04-01,Net 15,Reva Viswanathan,Closed,DEP-02,PRJ-102
PO-40265,2026-05-21,PR-30314,V-1039,Loom Solar,Solar Panels,I-5039,Earthing Kit for Module Structure,37,Set,801.78,29665.85,INR,2026-06-11,Advance 20% + Net 30,Hemal Chad,Closed,DEP-04,PRJ-104
PO-40266,2026-05-08,PR-30315,V-1021,ACC Limited,Road Construction Materials,I-5031,Geotextile Fabric (roll 100m2),13,Roll,4555.16,59217.06,INR,2026-05-13,Advance 20% + Net 30,David Seshadri,Closed,DEP-06,PRJ-106
PO-40267,2026-06-24,PR-30316,V-1020,UltraTech Cement,Road Construction Materials,I-5029,Wire Mesh Fabric 6mm@150c/c,31,Ton,54633.82,1693648.34,INR,2026-07-06,Net 30,Januja Pradhan,Open,DEP-04,PRJ-104
PO-40268,2026-01-28,PR-30317,V-1049,Exicom Power Solutions,Batteries,I-5042,Tubular Battery 150Ah C10,21,Nos,13022.24,273467.12,INR,2026-02-08,Net 30,David Seshadri,Partially Delivered,DEP-03,PRJ-103
PO-40269,2026-05-08,PR-30318,V-1019,Sarvottam Plywood,Carpentry,I-5015,Hinges SS 4 inch,37,Pair,90.87,3362.15,INR,2026-05-26,Net 15,Reva Viswanathan,Open,DEP-02,PRJ-102
PO-40270,2026-07-30,PR-30319,V-1044,Okaya Power,Batteries,I-5042,Tubular Battery 150Ah C10,28,Nos,14110.86,395104.1,INR,2026-08-19,Net 15,Reva Viswanathan,Closed,DEP-06,PRJ-106
PO-40271,2025-10-26,PR-30320,V-1055,CERA Sanitaryware,Plumbing Materials,I-5050,UPVC Pipe 4 inch SCH-40 (3m length),30,Pcs,996.14,29884.26,INR,2025-11-06,Net 30,Balveer Kota,Partially Delivered,DEP-03,PRJ-103
PO-40272,2026-05-30,PR-30321,V-1000,Havells India,Electrical,I-5001,PVC Insulated Wire 2.5 sqmm (90m coil),19,Coil,1659.64,31533.07,INR,2026-06-04,Net 15,Januja Pradhan,Closed,DEP-01,PRJ-101
PO-40273,2026-08-04,PR-30322,V-1004,V-Guard Industries,Electrical,I-5010,MCCB 200A,24,Nos,8906.29,213750.95,INR,2026-08-09,Advance 20% + Net 30,Balveer Kota,Closed,DEP-05,PRJ-105
PO-40274,2026-03-18,PR-30323,V-1011,Greenply Industries,Carpentry,I-5012,Plywood 19mm BWP (8x4 ft),26,Sheet,3172.37,82481.61,INR,2026-03-27,Net 60,Hemal Chad,Closed,DEP-01,PRJ-101
PO-40275,2025-10-27,PR-30324,V-1057,Hindware Homes,Plumbing Materials,I-5054,Water Tank 1000L HDPE,30,Nos,5237.16,157114.91,INR,2025-10-30,Net 45,Reva Viswanathan,Partially Delivered,DEP-01,PRJ-101
PO-40276,2025-11-05,PR-30325,V-1021,ACC Limited,Road Construction Materials,I-5029,Wire Mesh Fabric 6mm@150c/c,18,Ton,52200.31,939605.58,INR,2025-11-25,Advance 20% + Net 30,Balveer Kota,Partially Delivered,DEP-01,PRJ-101
PO-40277,2026-03-25,PR-30326,V-1033,Vikram Solar,Solar Panels,I-5036,DC Cable 4 sqmm Solar Grade (100m),18,Coil,3036.66,54659.8,INR,2026-03-29,Advance 20% + Net 30,Januja Pradhan,Closed,DEP-04,PRJ-104
PO-40278,2025-09-23,PR-30327,V-1058,Kajaria Ceramics,Plumbing Materials,I-5050,UPVC Pipe 4 inch SCH-40 (3m length),30,Pcs,875.21,26256.23,INR,2025-10-13,Net 60,Januja Pradhan,Closed,DEP-04,PRJ-104
PO-40279,2026-08-02,PR-30328,V-1001,Polycab India,Electrical,I-5011,Cable Gland Brass 25mm,20,Nos,65.25,1304.95,INR,2026-08-10,Net 30,David Seshadri,Partially Delivered,DEP-05,PRJ-105
PO-40280,2025-11-03,PR-30329,V-1039,Loom Solar,Solar Panels,I-5037,MC4 Connector Pair,6,Pair,88.79,532.76,INR,2025-11-16,Advance 20% + Net 30,Balveer Kota,Closed,DEP-06,PRJ-106
PO-40281,2026-07-25,PR-30330,V-1000,Havells India,Electrical,I-5001,PVC Insulated Wire 2.5 sqmm (90m coil),14,Coil,1715.02,24010.23,INR,2026-07-30,Net 15,Januja Pradhan,Open,DEP-05,PRJ-105
PO-40282,2026-01-07,PR-30331,V-1031,Waaree Energies,Solar Panels,I-5038,Combiner Box 6 in 1 out,13,Nos,6038.43,78499.56,INR,2026-01-21,Net 30,Januja Pradhan,Closed,DEP-03,PRJ-103
PO-40283,2026-05-21,PR-30332,V-1021,ACC Limited,Road Construction Materials,I-5030,Kerb Stone Precast,66,Nos,187.86,12398.44,INR,2026-06-08,Advance 20% + Net 30,Hemal Chad,Closed,DEP-05,PRJ-105
PO-40284,2025-09-24,PR-30333,V-1031,Waaree Energies,Solar Panels,I-5039,Earthing Kit for Module Structure,15,Set,742.3,11134.48,INR,2025-10-04,Net 30,Januja Pradhan,Open,DEP-03,PRJ-103
PO-40285,2026-01-02,PR-30334,V-1029,L&T Construction Materials,Road Construction Materials,I-5023,TMT Steel Bar Fe500D 12mm,7,Ton,53713.35,375993.47,INR,2026-01-06,Net 30,Hemal Chad,Partially Delivered,DEP-01,PRJ-101
PO-40286,2025-12-16,PR-30335,V-1027,JSW Steel,Road Construction Materials,I-5026,Bitumen VG-30 (drum 180kg),32,Drum,8494.17,271813.55,INR,2026-01-01,Advance 20% + Net 30,Balveer Kota,Closed,DEP-06,PRJ-106
PO-40287,2025-10-17,PR-30336,V-1057,Hindware Homes,Plumbing Materials,I-5053,Ball Valve 1 inch Brass,25,Nos,267.42,6685.61,INR,2025-10-20,Net 45,Hemal Chad,Open,DEP-05,PRJ-105
PO-40288,2026-05-03,PR-30337,V-1051,Supreme Industries,Plumbing Materials,I-5050,UPVC Pipe 4 inch SCH-40 (3m length),21,Pcs,1139.72,23934.12,INR,2026-05-21,Net 30,Januja Pradhan,Closed,DEP-04,PRJ-104
PO-40289,2026-08-04,PR-30338,V-1029,L&T Construction Materials,Road Construction Materials,I-5025,River Sand (fine aggregate),9,Ton,1411.58,12704.26,INR,2026-08-07,Net 30,Reva Viswanathan,Cancelled,DEP-02,PRJ-102
PO-40290,2025-12-10,PR-30339,V-1055,CERA Sanitaryware,Plumbing Materials,I-5056,Concealed Cistern with Frame,8,Set,6957.03,55656.22,INR,2025-12-14,Net 30,Balveer Kota,Closed,DEP-02,PRJ-102
PO-40291,2026-05-25,PR-30340,V-1040,Exide Industries,Batteries,I-5042,Tubular Battery 150Ah C10,10,Nos,13963.54,139635.42,INR,2026-06-08,Net 45,Januja Pradhan,Closed,DEP-03,PRJ-103
PO-40292,2025-12-20,PR-30341,V-1036,Emmvee Solar,Solar Panels,I-5041,Solar Cable Gland Set,19,Set,132.77,2522.7,INR,2025-12-24,Net 45,Balveer Kota,Closed,DEP-01,PRJ-101
PO-40293,2026-07-16,PR-30342,V-1057,Hindware Homes,Plumbing Materials,I-5057,Bathroom Faucet Single Lever,14,Nos,1855.35,25974.9,INR,2026-07-21,Net 45,Hemal Chad,Closed,DEP-05,PRJ-105
PO-40294,2026-05-30,PR-30343,V-1007,Schneider Electric India,Electrical,I-5003,Distribution Board 8-Way,20,Nos,1379.99,27599.89,INR,2026-06-15,Net 30,David Seshadri,Closed,DEP-04,PRJ-104
PO-40295,2026-05-11,PR-30344,V-1039,Loom Solar,Solar Panels,I-5037,MC4 Connector Pair,22,Pair,93.14,2049.14,INR,2026-05-23,Advance 20% + Net 30,Balveer Kota,Closed,DEP-04,PRJ-104
PO-40296,2026-07-16,PR-30345,V-1022,Ambuja Cements,Road Construction Materials,I-5024,Crushed Stone Aggregate 20mm,27,Ton,863.71,23320.29,INR,2026-07-26,Net 15,Balveer Kota,Closed,DEP-03,PRJ-103
PO-40297,2025-11-16,PR-30346,V-1026,Tata Steel,Road Construction Materials,I-5027,Ready Mix Concrete M25,9,Cum,5936.54,53428.87,INR,2025-11-23,Net 60,Balveer Kota,Partially Delivered,DEP-06,PRJ-106
PO-40298,2025-11-16,PR-30347,V-1050,Astral Pipes,Plumbing Materials,I-5059,Pipe Clamp GI 4 inch,14,Nos,56.86,795.97,INR,2025-12-06,Net 60,David Seshadri,Closed,DEP-03,PRJ-103
PO-40299,2025-12-27,PR-30348,V-1011,Greenply Industries,Carpentry,I-5020,PVC Edge Banding Tape (100m roll),11,Roll,601.67,6618.4,INR,2026-01-11,Net 60,Balveer Kota,Closed,DEP-06,PRJ-106
PO-40300,2026-03-21,PR-30349,V-1041,Amara Raja Batteries (Amaron),Batteries,I-5047,Battery Interconnect Cable Set,13,Set,648.63,8432.14,INR,2026-04-07,Net 30,Reva Viswanathan,Open,DEP-06,PRJ-106
PO-40301,2025-11-15,PR-30350,V-1048,Base Corporation,Batteries,I-5048,Battery Monitoring System (BMS module),19,Nos,4088.82,77687.54,INR,2025-11-20,Net 30,Januja Pradhan,Partially Delivered,DEP-04,PRJ-104
PO-40302,2026-05-12,PR-30351,V-1044,Okaya Power,Batteries,I-5046,Battery Rack 4-Tier MS,47,Nos,3132.23,147215.01,INR,2026-05-18,Net 15,Balveer Kota,Closed,DEP-03,PRJ-103
PO-40303,2026-07-07,PR-30352,V-1027,JSW Steel,Road Construction Materials,I-5023,TMT Steel Bar Fe500D 12mm,50,Ton,61237.82,3061891.03,INR,2026-07-21,Advance 20% + Net 30,Januja Pradhan,Closed,DEP-03,PRJ-103
PO-40304,2025-10-01,PR-30353,V-1004,V-Guard Industries,Electrical,I-5002,MCB 32A Single Pole,24,Nos,115.7,2776.79,INR,2025-10-06,Advance 20% + Net 30,Hemal Chad,Closed,DEP-06,PRJ-106
PO-40305,2026-03-06,PR-30354,V-1044,Okaya Power,Batteries,I-5046,Battery Rack 4-Tier MS,18,Nos,3063.14,55136.47,INR,2026-03-24,Net 15,Hemal Chad,Closed,DEP-06,PRJ-106
PO-40306,2026-03-08,PR-30356,V-1024,JK Cement,Road Construction Materials,I-5026,Bitumen VG-30 (drum 180kg),18,Drum,8765.91,157786.34,INR,2026-03-14,Advance 20% + Net 30,Hemal Chad,Closed,DEP-01,PRJ-101
PO-40307,2026-04-14,PR-30357,V-1007,Schneider Electric India,Electrical,I-5007,Junction Box IP65,37,Nos,215.27,7964.97,INR,2026-04-25,Net 30,Balveer Kota,Closed,DEP-01,PRJ-101
PO-40308,2025-09-20,PR-30358,V-1012,Kitply Industries,Carpentry,I-5017,Door Lock Mortise Set,25,Set,788.67,19716.68,INR,2025-09-30,Net 15,David Seshadri,Closed,DEP-02,PRJ-102
PO-40309,2025-09-09,PR-30359,V-1009,Orient Electric,Electrical,I-5008,Earthing Strip GI 25x3mm,18,Mtr,78.28,1409.08,INR,2025-09-26,Net 15,David Seshadri,Closed,DEP-03,PRJ-103
PO-40310,2025-11-06,PR-30360,V-1048,Base Corporation,Batteries,I-5047,Battery Interconnect Cable Set,22,Set,609.49,13408.76,INR,2025-11-11,Net 30,David Seshadri,Closed,DEP-01,PRJ-101
PO-40311,2026-05-16,PR-30362,V-1022,Ambuja Cements,Road Construction Materials,I-5022,OPC 53 Grade Cement (50kg bag),23,Bag,346.03,7958.64,INR,2026-05-31,Net 15,David Seshadri,Closed,DEP-06,PRJ-106
PO-40312,2025-11-08,PR-30363,V-1049,Exicom Power Solutions,Batteries,I-5048,Battery Monitoring System (BMS module),15,Nos,3970.76,59561.39,INR,2025-11-23,Net 30,Januja Pradhan,Closed,DEP-05,PRJ-105
PO-40313,2026-07-20,PR-30364,V-1020,UltraTech Cement,Road Construction Materials,I-5025,River Sand (fine aggregate),23,Ton,1406.84,32357.32,INR,2026-08-04,Net 30,Balveer Kota,Closed,DEP-03,PRJ-103
PO-40314,2026-02-01,PR-30365,V-1048,Base Corporation,Batteries,I-5045,VRLA SMF Battery 12V 100Ah,14,Nos,9600.14,134402.0,INR,2026-02-04,Net 30,David Seshadri,Cancelled,DEP-04,PRJ-104
PO-40315,2026-03-17,PR-30366,V-1058,Kajaria Ceramics,Plumbing Materials,I-5051,CPVC Pipe 1 inch (3m length),26,Pcs,334.95,8708.67,INR,2026-03-25,Net 60,Hemal Chad,Closed,DEP-04,PRJ-104
PO-40316,2026-05-05,PR-30367,V-1036,Emmvee Solar,Solar Panels,I-5039,Earthing Kit for Module Structure,12,Set,837.67,10052.01,INR,2026-05-19,Net 45,Balveer Kota,Open,DEP-06,PRJ-106
PO-40317,2026-03-15,PR-30368,V-1033,Vikram Solar,Solar Panels,I-5037,MC4 Connector Pair,28,Pair,92.96,2602.9,INR,2026-03-27,Advance 20% + Net 30,David Seshadri,Closed,DEP-06,PRJ-106
PO-40318,2026-05-23,PR-30369,V-1056,Jaquar Group,Plumbing Materials,I-5059,Pipe Clamp GI 4 inch,33,Nos,68.96,2275.57,INR,2026-06-07,Net 15,David Seshadri,Closed,DEP-06,PRJ-106
PO-40319,2026-01-28,PR-30371,V-1041,Amara Raja Batteries (Amaron),Batteries,I-5045,VRLA SMF Battery 12V 100Ah,28,Nos,9271.88,259612.7,INR,2026-02-03,Net 30,Balveer Kota,Closed,DEP-01,PRJ-101
PO-40320,2026-04-13,PR-30372,V-1047,Panasonic Energy India,Batteries,I-5046,Battery Rack 4-Tier MS,11,Nos,3314.0,36453.99,INR,2026-04-21,Net 15,Januja Pradhan,Partially Delivered,DEP-06,PRJ-106
PO-40321,2025-11-19,PR-30374,V-1011,Greenply Industries,Carpentry,I-5019,Veneer Sheet Teak (8x4 ft),38,Sheet,3669.15,139427.75,INR,2025-12-05,Net 60,Balveer Kota,Closed,DEP-05,PRJ-105
PO-40322,2026-04-27,PR-30375,V-1004,V-Guard Industries,Electrical,I-5004,LED Flood Light 100W,17,Nos,1794.93,30513.78,INR,2026-04-30,Advance 20% + Net 30,Balveer Kota,Closed,DEP-02,PRJ-102
PO-40323,2025-10-17,PR-30376,V-1041,Amara Raja Batteries (Amaron),Batteries,I-5042,Tubular Battery 150Ah C10,9,Nos,13810.76,124296.87,INR,2025-10-24,Net 30,Januja Pradhan,Closed,DEP-04,PRJ-104
PO-40324,2026-07-10,PR-30377,V-1053,Prince Pipes,Plumbing Materials,I-5053,Ball Valve 1 inch Brass,29,Nos,346.45,10046.92,INR,2026-07-19,Net 15,Hemal Chad,Closed,DEP-04,PRJ-104
PO-40325,2026-02-13,PR-30378,V-1022,Ambuja Cements,Road Construction Materials,I-5023,TMT Steel Bar Fe500D 12mm,4,Ton,60619.57,242478.3,INR,2026-03-03,Net 15,Balveer Kota,Open,DEP-05,PRJ-105
PO-40326,2026-01-11,PR-30379,V-1031,Waaree Energies,Solar Panels,I-5035,Module Mounting Structure (per kW),28,kW Set,4708.41,131835.56,INR,2026-01-21,Net 30,Reva Viswanathan,Partially Delivered,DEP-01,PRJ-101
PO-40327,2026-07-31,PR-30380,V-1056,Jaquar Group,Plumbing Materials,I-5055,Sanitaryware Wash Basin,47,Nos,2557.73,120213.43,INR,2026-08-16,Net 15,David Seshadri,Partially Delivered,DEP-02,PRJ-102
PO-40328,2025-10-03,PR-30381,V-1026,Tata Steel,Road Construction Materials,I-5022,OPC 53 Grade Cement (50kg bag),16,Bag,327.89,5246.18,INR,2025-10-15,Net 60,David Seshadri,Closed,DEP-06,PRJ-106
PO-40329,2026-02-13,PR-30382,V-1045,HBL Power Systems,Batteries,I-5048,Battery Monitoring System (BMS module),16,Nos,4047.63,64762.03,INR,2026-02-22,Net 45,Balveer Kota,Closed,DEP-06,PRJ-106
PO-40330,2026-01-17,PR-30383,V-1052,Finolex Pipes,Plumbing Materials,I-5053,Ball Valve 1 inch Brass,35,Nos,289.96,10148.75,INR,2026-01-31,Net 45,Januja Pradhan,Closed,DEP-01,PRJ-101
PO-40331,2025-11-09,PR-30385,V-1043,Su-Kam Power Systems,Batteries,I-5048,Battery Monitoring System (BMS module),19,Nos,3949.92,75048.41,INR,2025-11-17,Net 15,Hemal Chad,Closed,DEP-03,PRJ-103
PO-40332,2025-09-10,PR-30386,V-1036,Emmvee Solar,Solar Panels,I-5033,Solar Module 550Wp Bifacial,15,Nos,12748.37,191225.49,INR,2025-09-21,Net 45,Januja Pradhan,Closed,DEP-06,PRJ-106
PO-40333,2026-01-14,PR-30388,V-1008,KEI Industries,Electrical,I-5002,MCB 32A Single Pole,8,Nos,126.92,1015.4,INR,2026-01-21,Net 30,Balveer Kota,Closed,DEP-05,PRJ-105
PO-40334,2026-05-27,PR-30389,V-1032,Adani Solar,Solar Panels,I-5036,DC Cable 4 sqmm Solar Grade (100m),19,Coil,3271.24,62153.65,INR,2026-06-13,Net 60,Hemal Chad,Closed,DEP-03,PRJ-103
PO-40335,2025-09-25,PR-30390,V-1052,Finolex Pipes,Plumbing Materials,I-5057,Bathroom Faucet Single Lever,20,Nos,1485.17,29703.42,INR,2025-10-09,Net 45,Balveer Kota,Closed,DEP-01,PRJ-101
PO-40336,2026-06-01,PR-30391,V-1055,CERA Sanitaryware,Plumbing Materials,I-5050,UPVC Pipe 4 inch SCH-40 (3m length),11,Pcs,1202.57,13228.32,INR,2026-06-13,Net 30,David Seshadri,Closed,DEP-05,PRJ-105
PO-40337,2026-08-01,PR-30394,V-1006,Legrand India,Electrical,I-5000,Armoured Copper Cable 3.5C x 95 sqmm,13,Mtr,506.94,6590.19,INR,2026-08-16,Net 45,Hemal Chad,Closed,DEP-05,PRJ-105
PO-40338,2025-11-04,PR-30395,V-1019,Sarvottam Plywood,Carpentry,I-5014,MDF Board 12mm (8x4 ft),16,Sheet,1541.3,24660.74,INR,2025-11-18,Net 15,Balveer Kota,Closed,DEP-04,PRJ-104
PO-40339,2026-07-17,PR-30396,V-1047,Panasonic Energy India,Batteries,I-5047,Battery Interconnect Cable Set,32,Set,627.49,20079.72,INR,2026-07-24,Net 15,Januja Pradhan,Partially Delivered,DEP-01,PRJ-101
PO-40340,2026-02-04,PR-30397,V-1046,Livguard Energy,Batteries,I-5048,Battery Monitoring System (BMS module),24,Nos,3730.54,89533.08,INR,2026-02-10,Net 15,Januja Pradhan,Closed,DEP-03,PRJ-103
PO-40341,2025-12-06,PR-30398,V-1037,RenewSys India,Solar Panels,I-5034,String Inverter 50kW,60,Nos,343274.7,20596482.17,INR,2025-12-17,Net 45,Hemal Chad,Closed,DEP-06,PRJ-106
PO-40342,2025-11-03,PR-30399,V-1009,Orient Electric,Electrical,I-5006,Cable Tray 300mm (2m length),16,Nos,902.44,14439.07,INR,2025-11-15,Net 15,Januja Pradhan,Closed,DEP-05,PRJ-105
PO-40343,2026-04-15,PR-30401,V-1032,Adani Solar,Solar Panels,I-5035,Module Mounting Structure (per kW),14,kW Set,4838.01,67732.09,INR,2026-05-01,Net 60,Hemal Chad,Closed,DEP-04,PRJ-104
PO-40344,2026-07-01,PR-30402,V-1000,Havells India,Electrical,I-5007,Junction Box IP65,32,Nos,217.32,6954.13,INR,2026-07-17,Net 15,Reva Viswanathan,Cancelled,DEP-04,PRJ-104
PO-40345,2026-02-02,PR-30403,V-1037,RenewSys India,Solar Panels,I-5040,Anti-Reflective Glass Panel (spare),30,Nos,2968.44,89053.21,INR,2026-02-06,Net 45,Reva Viswanathan,Closed,DEP-06,PRJ-106
PO-40346,2026-04-20,PR-30404,V-1037,RenewSys India,Solar Panels,I-5037,MC4 Connector Pair,18,Pair,91.9,1654.26,INR,2026-05-09,Net 45,Balveer Kota,Closed,DEP-04,PRJ-104
PO-40347,2026-05-01,PR-30405,V-1042,Luminous Power Technologies,Batteries,I-5047,Battery Interconnect Cable Set,14,Set,643.54,9009.52,INR,2026-05-10,Advance 20% + Net 30,Reva Viswanathan,Closed,DEP-04,PRJ-104
PO-40348,2026-03-07,PR-30406,V-1021,ACC Limited,Road Construction Materials,I-5026,Bitumen VG-30 (drum 180kg),35,Drum,8587.4,300559.04,INR,2026-03-23,Advance 20% + Net 30,Hemal Chad,Closed,DEP-01,PRJ-101
PO-40349,2026-05-21,PR-30409,V-1044,Okaya Power,Batteries,I-5042,Tubular Battery 150Ah C10,39,Nos,13363.9,521191.91,INR,2026-06-09,Net 15,David Seshadri,Closed,DEP-01,PRJ-101
PO-40350,2026-01-07,PR-30410,V-1046,Livguard Energy,Batteries,I-5042,Tubular Battery 150Ah C10,61,Nos,13247.28,808084.04,INR,2026-01-17,Net 15,Januja Pradhan,Closed,DEP-04,PRJ-104
PO-40351,2026-05-25,PR-30411,V-1026,Tata Steel,Road Construction Materials,I-5022,OPC 53 Grade Cement (50kg bag),17,Bag,363.79,6184.46,INR,2026-06-01,Net 60,David Seshadri,Partially Delivered,DEP-01,PRJ-101
PO-40352,2026-07-23,PR-30412,V-1033,Vikram Solar,Solar Panels,I-5040,Anti-Reflective Glass Panel (spare),19,Nos,3108.33,59058.22,INR,2026-07-28,Advance 20% + Net 30,Balveer Kota,Closed,DEP-04,PRJ-104
PO-40353,2026-05-30,PR-30413,V-1033,Vikram Solar,Solar Panels,I-5036,DC Cable 4 sqmm Solar Grade (100m),19,Coil,3196.37,60730.97,INR,2026-06-15,Advance 20% + Net 30,David Seshadri,Cancelled,DEP-01,PRJ-101
PO-40354,2026-01-17,PR-30414,V-1007,Schneider Electric India,Electrical,I-5005,Modular Switch 6A,31,Nos,64.02,1984.59,INR,2026-02-07,Net 30,Reva Viswanathan,Open,DEP-06,PRJ-106
PO-40355,2026-07-08,PR-30415,V-1032,Adani Solar,Solar Panels,I-5040,Anti-Reflective Glass Panel (spare),26,Nos,3181.79,82726.62,INR,2026-07-27,Net 60,David Seshadri,Open,DEP-05,PRJ-105
PO-40356,2026-04-12,PR-30416,V-1009,Orient Electric,Electrical,I-5000,Armoured Copper Cable 3.5C x 95 sqmm,12,Mtr,426.6,5119.21,INR,2026-05-01,Net 15,Balveer Kota,Open,DEP-04,PRJ-104
PO-40357,2026-05-23,PR-30417,V-1048,Base Corporation,Batteries,I-5044,Inverter 2.5kVA Pure Sinewave,28,Nos,15995.41,447871.6,INR,2026-06-01,Net 30,David Seshadri,Closed,DEP-04,PRJ-104
PO-40358,2026-06-23,PR-30418,V-1004,V-Guard Industries,Electrical,I-5005,Modular Switch 6A,76,Nos,74.43,5656.97,INR,2026-07-11,Advance 20% + Net 30,Hemal Chad,Closed,DEP-04,PRJ-104
PO-40359,2025-12-04,PR-30419,V-1056,Jaquar Group,Plumbing Materials,I-5053,Ball Valve 1 inch Brass,31,Nos,292.78,9076.21,INR,2025-12-25,Net 15,Reva Viswanathan,Closed,DEP-03,PRJ-103
PO-40360,2026-04-20,PR-30420,V-1039,Loom Solar,Solar Panels,I-5039,Earthing Kit for Module Structure,20,Set,860.18,17203.56,INR,2026-05-05,Advance 20% + Net 30,Reva Viswanathan,Closed,DEP-02,PRJ-102
PO-40361,2026-06-26,PR-30421,V-1058,Kajaria Ceramics,Plumbing Materials,I-5050,UPVC Pipe 4 inch SCH-40 (3m length),11,Pcs,1112.57,12238.31,INR,2026-07-05,Net 60,Januja Pradhan,Cancelled,DEP-01,PRJ-101
PO-40362,2026-01-24,PR-30423,V-1008,KEI Industries,Electrical,I-5000,Armoured Copper Cable 3.5C x 95 sqmm,11,Mtr,386.79,4254.72,INR,2026-02-06,Net 30,David Seshadri,Closed,DEP-05,PRJ-105
PO-40363,2025-09-16,PR-30426,V-1055,CERA Sanitaryware,Plumbing Materials,I-5052,PVC Elbow 4 inch,19,Nos,75.42,1432.92,INR,2025-10-01,Net 30,David Seshadri,Partially Delivered,DEP-05,PRJ-105
PO-40364,2025-10-03,PR-30427,V-1053,Prince Pipes,Plumbing Materials,I-5054,Water Tank 1000L HDPE,9,Nos,5539.52,49855.71,INR,2025-10-14,Net 15,Januja Pradhan,Closed,DEP-04,PRJ-104
PO-40365,2025-12-19,PR-30428,V-1028,Birla Corporation,Road Construction Materials,I-5030,Kerb Stone Precast,53,Nos,203.7,10796.08,INR,2025-12-23,Net 60,Reva Viswanathan,Closed,DEP-04,PRJ-104
PO-40366,2026-01-21,PR-30429,V-1003,Anchor by Panasonic,Electrical,I-5007,Junction Box IP65,4,Nos,204.16,816.64,INR,2026-02-09,Net 15,Hemal Chad,Closed,DEP-01,PRJ-101
PO-40367,2026-04-16,PR-30430,V-1044,Okaya Power,Batteries,I-5046,Battery Rack 4-Tier MS,43,Nos,3458.7,148724.02,INR,2026-04-27,Net 15,Balveer Kota,Closed,DEP-02,PRJ-102
PO-40368,2025-09-11,PR-30431,V-1036,Emmvee Solar,Solar Panels,I-5032,Solar Module 540Wp Mono PERC,64,Nos,11184.26,715792.34,INR,2025-09-16,Net 45,David Seshadri,Open,DEP-01,PRJ-101
PO-40369,2026-03-19,PR-30432,V-1045,HBL Power Systems,Batteries,I-5047,Battery Interconnect Cable Set,59,Set,584.56,34488.85,INR,2026-04-05,Net 45,David Seshadri,Closed,DEP-04,PRJ-104
PO-40370,2025-12-03,PR-30435,V-1032,Adani Solar,Solar Panels,I-5039,Earthing Kit for Module Structure,39,Set,789.04,30772.68,INR,2025-12-24,Net 60,David Seshadri,Closed,DEP-03,PRJ-103
PO-40371,2026-06-01,PR-30436,V-1040,Exide Industries,Batteries,I-5042,Tubular Battery 150Ah C10,47,Nos,15030.76,706445.67,INR,2026-06-17,Net 45,Reva Viswanathan,Partially Delivered,DEP-02,PRJ-102
PO-40372,2025-12-27,PR-30437,V-1054,Ashirvad Pipes (Aliaxis),Plumbing Materials,I-5050,UPVC Pipe 4 inch SCH-40 (3m length),28,Pcs,954.25,26719.08,INR,2026-01-02,Net 15,Reva Viswanathan,Closed,DEP-01,PRJ-101
PO-40373,2026-01-03,PR-30438,V-1019,Sarvottam Plywood,Carpentry,I-5019,Veneer Sheet Teak (8x4 ft),9,Sheet,4113.75,37023.73,INR,2026-01-20,Net 15,Reva Viswanathan,Open,DEP-03,PRJ-103
PO-40374,2025-10-03,PR-30439,V-1000,Havells India,Electrical,I-5002,MCB 32A Single Pole,23,Nos,116.61,2681.99,INR,2025-10-07,Net 15,Reva Viswanathan,Closed,DEP-06,PRJ-106
PO-40375,2026-04-22,PR-30441,V-1051,Supreme Industries,Plumbing Materials,I-5050,UPVC Pipe 4 inch SCH-40 (3m length),47,Pcs,1127.72,53002.94,INR,2026-05-01,Net 30,Hemal Chad,Partially Delivered,DEP-06,PRJ-106
PO-40376,2025-11-17,PR-30442,V-1038,Websol Energy System,Solar Panels,I-5040,Anti-Reflective Glass Panel (spare),14,Nos,2977.33,41682.62,INR,2025-11-24,Net 45,Januja Pradhan,Closed,DEP-03,PRJ-103
PO-40377,2026-05-01,PR-30443,V-1026,Tata Steel,Road Construction Materials,I-5029,Wire Mesh Fabric 6mm@150c/c,27,Ton,56684.94,1530493.44,INR,2026-05-09,Net 60,David Seshadri,Closed,DEP-01,PRJ-101
PO-40378,2026-03-15,PR-30444,V-1015,Action Tesa,Carpentry,I-5017,Door Lock Mortise Set,20,Set,852.26,17045.11,INR,2026-04-04,Net 30,Balveer Kota,Closed,DEP-02,PRJ-102
PO-40379,2025-11-30,PR-30445,V-1004,V-Guard Industries,Electrical,I-5004,LED Flood Light 100W,33,Nos,1547.97,51083.09,INR,2025-12-03,Advance 20% + Net 30,Hemal Chad,Partially Delivered,DEP-03,PRJ-103
PO-40380,2025-11-09,PR-30446,V-1003,Anchor by Panasonic,Electrical,I-5002,MCB 32A Single Pole,41,Nos,128.78,5280.12,INR,2025-11-30,Net 15,Januja Pradhan,Closed,DEP-06,PRJ-106
PO-40381,2025-12-22,PR-30447,V-1058,Kajaria Ceramics,Plumbing Materials,I-5057,Bathroom Faucet Single Lever,27,Nos,1512.87,40847.61,INR,2026-01-10,Net 60,Januja Pradhan,Closed,DEP-05,PRJ-105
PO-40382,2026-04-24,PR-30449,V-1015,Action Tesa,Carpentry,I-5015,Hinges SS 4 inch,15,Pair,84.39,1265.8,INR,2026-05-14,Net 30,David Seshadri,Closed,DEP-02,PRJ-102
PO-40383,2026-04-14,PR-30450,V-1027,JSW Steel,Road Construction Materials,I-5029,Wire Mesh Fabric 6mm@150c/c,35,Ton,51657.14,1807999.91,INR,2026-04-25,Advance 20% + Net 30,Balveer Kota,Closed,DEP-03,PRJ-103
PO-40384,2025-11-02,PR-30451,V-1054,Ashirvad Pipes (Aliaxis),Plumbing Materials,I-5051,CPVC Pipe 1 inch (3m length),31,Pcs,329.84,10225.07,INR,2025-11-13,Net 15,Januja Pradhan,Closed,DEP-03,PRJ-103
PO-40385,2026-03-30,PR-30452,V-1012,Kitply Industries,Carpentry,I-5017,Door Lock Mortise Set,16,Set,933.9,14942.48,INR,2026-04-09,Net 15,Hemal Chad,Closed,DEP-03,PRJ-103
PO-40386,2025-12-10,PR-30453,V-1048,Base Corporation,Batteries,I-5047,Battery Interconnect Cable Set,8,Set,594.43,4755.4,INR,2025-12-24,Net 30,Hemal Chad,Closed,DEP-03,PRJ-103
PO-40387,2026-06-04,PR-30454,V-1022,Ambuja Cements,Road Construction Materials,I-5028,PQC Dowel Bar 32mm,40,Ton,65681.2,2627247.81,INR,2026-06-25,Net 15,Januja Pradhan,Closed,DEP-04,PRJ-104
PO-40388,2026-06-05,PR-30455,V-1054,Ashirvad Pipes (Aliaxis),Plumbing Materials,I-5051,CPVC Pipe 1 inch (3m length),15,Pcs,395.34,5930.05,INR,2026-06-13,Net 15,Januja Pradhan,Closed,DEP-02,PRJ-102
PO-40389,2026-02-02,PR-30456,V-1015,Action Tesa,Carpentry,I-5015,Hinges SS 4 inch,11,Pair,74.67,821.39,INR,2026-02-17,Net 30,David Seshadri,Closed,DEP-04,PRJ-104
PO-40390,2025-11-26,PR-30457,V-1027,JSW Steel,Road Construction Materials,I-5029,Wire Mesh Fabric 6mm@150c/c,23,Ton,54519.88,1253957.18,INR,2025-12-05,Advance 20% + Net 30,Hemal Chad,Closed,DEP-02,PRJ-102
PO-40391,2026-04-29,PR-30458,V-1054,Ashirvad Pipes (Aliaxis),Plumbing Materials,I-5057,Bathroom Faucet Single Lever,11,Nos,1752.51,19277.59,INR,2026-05-07,Net 15,Hemal Chad,Closed,DEP-05,PRJ-105
PO-40392,2025-12-24,PR-30460,V-1031,Waaree Energies,Solar Panels,I-5033,Solar Module 550Wp Bifacial,29,Nos,12233.35,354767.22,INR,2026-01-06,Net 30,Hemal Chad,Closed,DEP-06,PRJ-106
PO-40393,2026-03-30,PR-30461,V-1025,Dalmia Bharat Cement,Road Construction Materials,I-5027,Ready Mix Concrete M25,23,Cum,6145.68,141350.66,INR,2026-04-17,Net 60,David Seshadri,Closed,DEP-06,PRJ-106
PO-40394,2025-12-01,PR-30462,V-1040,Exide Industries,Batteries,I-5043,Lithium-ion Battery Pack 48V 100Ah,15,Nos,111245.6,1668684.03,INR,2025-12-08,Net 45,Hemal Chad,Closed,DEP-02,PRJ-102
PO-40395,2026-03-20,PR-30463,V-1043,Su-Kam Power Systems,Batteries,I-5043,Lithium-ion Battery Pack 48V 100Ah,22,Nos,116169.32,2555724.96,INR,2026-04-03,Net 15,Hemal Chad,Partially Delivered,DEP-06,PRJ-106
PO-40396,2025-11-28,PR-30464,V-1013,Archidply Industries,Carpentry,I-5013,Laminate Sheet 1mm (8x4 ft),34,Sheet,1078.59,36672.0,INR,2025-12-07,Advance 20% + Net 30,Reva Viswanathan,Partially Delivered,DEP-01,PRJ-101
PO-40397,2026-03-31,PR-30465,V-1009,Orient Electric,Electrical,I-5003,Distribution Board 8-Way,28,Nos,1265.27,35427.54,INR,2026-04-11,Net 15,Januja Pradhan,Cancelled,DEP-03,PRJ-103
PO-40398,2025-11-11,PR-30466,V-1057,Hindware Homes,Plumbing Materials,I-5056,Concealed Cistern with Frame,22,Set,7680.53,168971.56,INR,2025-11-24,Net 45,Januja Pradhan,Closed,DEP-03,PRJ-103
PO-40399,2025-11-08,PR-30467,V-1012,Kitply Industries,Carpentry,I-5021,Adhesive Fevicol SH (5kg),44,Can,957.99,42151.78,INR,2025-11-26,Net 15,Hemal Chad,Closed,DEP-01,PRJ-101
PO-40400,2026-01-25,PR-30468,V-1054,Ashirvad Pipes (Aliaxis),Plumbing Materials,I-5052,PVC Elbow 4 inch,22,Nos,86.64,1906.15,INR,2026-02-04,Net 15,Balveer Kota,Partially Delivered,DEP-06,PRJ-106
PO-40401,2026-01-01,PR-30470,V-1033,Vikram Solar,Solar Panels,I-5035,Module Mounting Structure (per kW),17,kW Set,4596.23,78135.98,INR,2026-01-09,Advance 20% + Net 30,Balveer Kota,Closed,DEP-02,PRJ-102
PO-40402,2026-05-02,PR-30471,V-1027,JSW Steel,Road Construction Materials,I-5024,Crushed Stone Aggregate 20mm,25,Ton,846.5,21162.42,INR,2026-05-17,Advance 20% + Net 30,David Seshadri,Closed,DEP-03,PRJ-103
PO-40403,2026-04-24,PR-30472,V-1027,JSW Steel,Road Construction Materials,I-5026,Bitumen VG-30 (drum 180kg),10,Drum,8797.41,87974.12,INR,2026-05-01,Advance 20% + Net 30,David Seshadri,Partially Delivered,DEP-03,PRJ-103
PO-40404,2026-01-15,PR-30474,V-1000,Havells India,Electrical,I-5006,Cable Tray 300mm (2m length),22,Nos,892.94,19644.6,INR,2026-01-31,Net 15,Hemal Chad,Open,DEP-05,PRJ-105
PO-40405,2025-09-11,PR-30476,V-1039,Loom Solar,Solar Panels,I-5034,String Inverter 50kW,18,Nos,332137.05,5978466.96,INR,2025-09-30,Advance 20% + Net 30,Reva Viswanathan,Partially Delivered,DEP-05,PRJ-105
PO-40406,2025-10-18,PR-30477,V-1033,Vikram Solar,Solar Panels,I-5038,Combiner Box 6 in 1 out,13,Nos,5588.96,72656.49,INR,2025-10-30,Advance 20% + Net 30,Hemal Chad,Closed,DEP-04,PRJ-104
PO-40407,2025-12-01,PR-30478,V-1011,Greenply Industries,Carpentry,I-5018,Wood Screws 2 inch (box of 100),44,Box,155.46,6840.08,INR,2025-12-22,Net 60,Hemal Chad,Partially Delivered,DEP-06,PRJ-106
PO-40408,2025-11-26,PR-30479,V-1009,Orient Electric,Electrical,I-5010,MCCB 200A,19,Nos,7026.64,133506.24,INR,2025-12-14,Net 15,David Seshadri,Closed,DEP-05,PRJ-105
PO-40409,2026-07-10,PR-30481,V-1025,Dalmia Bharat Cement,Road Construction Materials,I-5027,Ready Mix Concrete M25,30,Cum,6281.29,188438.79,INR,2026-07-25,Net 60,Balveer Kota,Closed,DEP-04,PRJ-104
PO-40410,2026-05-25,PR-30483,V-1025,Dalmia Bharat Cement,Road Construction Materials,I-5029,Wire Mesh Fabric 6mm@150c/c,13,Ton,52049.3,676640.93,INR,2026-06-07,Net 60,Hemal Chad,Closed,DEP-03,PRJ-103
PO-40411,2026-03-22,PR-30484,V-1058,Kajaria Ceramics,Plumbing Materials,I-5051,CPVC Pipe 1 inch (3m length),48,Pcs,376.82,18087.47,INR,2026-03-29,Net 60,David Seshadri,Closed,DEP-04,PRJ-104
PO-40412,2025-11-01,PR-30485,V-1001,Polycab India,Electrical,I-5007,Junction Box IP65,41,Nos,190.44,7807.89,INR,2025-11-17,Net 30,David Seshadri,Cancelled,DEP-04,PRJ-104
PO-40413,2026-03-22,PR-30486,V-1052,Finolex Pipes,Plumbing Materials,I-5055,Sanitaryware Wash Basin,10,Nos,2188.43,21884.29,INR,2026-04-09,Net 45,Balveer Kota,Closed,DEP-02,PRJ-102
PO-40414,2026-08-03,PR-30487,V-1041,Amara Raja Batteries (Amaron),Batteries,I-5048,Battery Monitoring System (BMS module),9,Nos,4026.31,36236.75,INR,2026-08-08,Net 30,Balveer Kota,Closed,DEP-06,PRJ-106
PO-40415,2026-03-19,PR-30488,V-1026,Tata Steel,Road Construction Materials,I-5027,Ready Mix Concrete M25,19,Cum,5559.99,105639.9,INR,2026-04-01,Net 60,Hemal Chad,Open,DEP-05,PRJ-105
PO-40416,2025-12-24,PR-30489,V-1020,UltraTech Cement,Road Construction Materials,I-5026,Bitumen VG-30 (drum 180kg),43,Drum,9251.19,397801.26,INR,2026-01-06,Net 30,David Seshadri,Closed,DEP-04,PRJ-104
PO-40417,2026-02-20,PR-30490,V-1050,Astral Pipes,Plumbing Materials,I-5050,UPVC Pipe 4 inch SCH-40 (3m length),13,Pcs,1084.74,14101.65,INR,2026-03-10,Net 60,Balveer Kota,Open,DEP-06,PRJ-106
PO-40418,2026-05-07,PR-30491,V-1023,Shree Cement,Road Construction Materials,I-5028,PQC Dowel Bar 32mm,7,Ton,59659.09,417613.65,INR,2026-05-22,Net 45,Balveer Kota,Closed,DEP-05,PRJ-105
PO-40419,2026-04-21,PR-30492,V-1000,Havells India,Electrical,I-5002,MCB 32A Single Pole,30,Nos,140.56,4216.72,INR,2026-05-12,Net 15,Hemal Chad,Closed,DEP-06,PRJ-106
PO-40420,2025-11-02,PR-30493,V-1006,Legrand India,Electrical,I-5000,Armoured Copper Cable 3.5C x 95 sqmm,31,Mtr,374.43,11607.3,INR,2025-11-06,Net 45,Reva Viswanathan,Closed,DEP-04,PRJ-104
PO-40421,2026-07-31,PR-30494,V-1031,Waaree Energies,Solar Panels,I-5039,Earthing Kit for Module Structure,39,Set,818.22,31910.77,INR,2026-08-18,Net 30,Januja Pradhan,Closed,DEP-06,PRJ-106
PO-40422,2026-07-31,PR-30495,V-1018,Ebco Private Ltd,Carpentry,I-5019,Veneer Sheet Teak (8x4 ft),20,Sheet,4132.28,82645.58,INR,2026-08-15,Net 45,David Seshadri,Partially Delivered,DEP-05,PRJ-105
PO-40423,2026-04-23,PR-30496,V-1008,KEI Industries,Electrical,I-5008,Earthing Strip GI 25x3mm,32,Mtr,91.63,2932.09,INR,2026-04-27,Net 30,David Seshadri,Closed,DEP-06,PRJ-106
PO-40424,2026-02-04,PR-30497,V-1005,Crompton Greaves Consumer,Electrical,I-5008,Earthing Strip GI 25x3mm,24,Mtr,88.4,2121.65,INR,2026-02-24,Advance 20% + Net 30,David Seshadri,Closed,DEP-03,PRJ-103
PO-40425,2026-06-15,PR-30498,V-1058,Kajaria Ceramics,Plumbing Materials,I-5059,Pipe Clamp GI 4 inch,15,Nos,65.63,984.46,INR,2026-06-26,Net 60,Hemal Chad,Closed,DEP-02,PRJ-102
PO-40426,2026-01-21,PR-30499,V-1008,KEI Industries,Electrical,I-5011,Cable Gland Brass 25mm,12,Nos,52.16,625.96,INR,2026-01-29,Net 30,Hemal Chad,Closed,DEP-02,PRJ-102
PO-40427,2026-06-11,PR-30500,V-1002,Finolex Cables,Electrical,I-5001,PVC Insulated Wire 2.5 sqmm (90m coil),21,Coil,1837.24,38582.08,INR,2026-06-22,Advance 20% + Net 30,Reva Viswanathan,Closed,DEP-03,PRJ-103
PO-40428,2026-05-12,PR-30501,V-1059,Roto Pumps,Plumbing Materials,I-5059,Pipe Clamp GI 4 inch,33,Nos,65.07,2147.18,INR,2026-05-16,Advance 20% + Net 30,Reva Viswanathan,Closed,DEP-06,PRJ-106
PO-40429,2026-05-09,PR-30502,V-1032,Adani Solar,Solar Panels,I-5038,Combiner Box 6 in 1 out,52,Nos,6104.3,317423.78,INR,2026-05-24,Net 60,Balveer Kota,Closed,DEP-05,PRJ-105
PO-40430,2026-04-17,PR-30503,V-1033,Vikram Solar,Solar Panels,I-5034,String Inverter 50kW,22,Nos,375131.37,8252890.21,INR,2026-04-22,Advance 20% + Net 30,Reva Viswanathan,Partially Delivered,DEP-04,PRJ-104
PO-40431,2026-05-10,PR-30504,V-1030,Tata Power Solar,Solar Panels,I-5034,String Inverter 50kW,23,Nos,359941.79,8278661.13,INR,2026-05-19,Net 60,David Seshadri,Partially Delivered,DEP-06,PRJ-106
PO-40432,2025-10-10,PR-30505,V-1056,Jaquar Group,Plumbing Materials,I-5052,PVC Elbow 4 inch,31,Nos,77.56,2404.27,INR,2025-10-24,Net 15,Balveer Kota,Cancelled,DEP-05,PRJ-105
PO-40433,2025-11-01,PR-30506,V-1019,Sarvottam Plywood,Carpentry,I-5020,PVC Edge Banding Tape (100m roll),80,Roll,593.96,47517.2,INR,2025-11-10,Net 15,Januja Pradhan,Partially Delivered,DEP-06,PRJ-106
PO-40434,2025-12-15,PR-30508,V-1004,V-Guard Industries,Electrical,I-5007,Junction Box IP65,24,Nos,176.42,4234.06,INR,2026-01-02,Advance 20% + Net 30,Balveer Kota,Closed,DEP-01,PRJ-101
PO-40435,2026-04-12,PR-30509,V-1000,Havells India,Electrical,I-5011,Cable Gland Brass 25mm,10,Nos,53.27,532.69,INR,2026-04-27,Net 15,Balveer Kota,Closed,DEP-02,PRJ-102
PO-40436,2026-04-06,PR-30510,V-1056,Jaquar Group,Plumbing Materials,I-5051,CPVC Pipe 1 inch (3m length),17,Pcs,358.86,6100.57,INR,2026-04-21,Net 15,David Seshadri,Closed,DEP-06,PRJ-106
PO-40437,2026-07-07,PR-30511,V-1046,Livguard Energy,Batteries,I-5048,Battery Monitoring System (BMS module),23,Nos,3905.63,89829.44,INR,2026-07-14,Net 15,Hemal Chad,Open,DEP-06,PRJ-106
PO-40438,2025-12-17,PR-30512,V-1032,Adani Solar,Solar Panels,I-5038,Combiner Box 6 in 1 out,52,Nos,5950.89,309446.34,INR,2026-01-07,Net 60,Hemal Chad,Closed,DEP-02,PRJ-102
PO-40439,2025-09-29,PR-30513,V-1036,Emmvee Solar,Solar Panels,I-5033,Solar Module 550Wp Bifacial,17,Nos,11947.28,203103.75,INR,2025-10-03,Net 45,David Seshadri,Closed,DEP-01,PRJ-101
PO-40440,2025-09-28,PR-30514,V-1027,JSW Steel,Road Construction Materials,I-5027,Ready Mix Concrete M25,16,Cum,5292.09,84673.43,INR,2025-10-04,Advance 20% + Net 30,Balveer Kota,Closed,DEP-06,PRJ-106
PO-40441,2026-02-22,PR-30515,V-1045,HBL Power Systems,Batteries,I-5044,Inverter 2.5kVA Pure Sinewave,4,Nos,15560.65,62242.58,INR,2026-03-05,Net 45,Reva Viswanathan,Closed,DEP-05,PRJ-105
PO-40442,2026-04-20,PR-30516,V-1043,Su-Kam Power Systems,Batteries,I-5045,VRLA SMF Battery 12V 100Ah,21,Nos,9682.78,203338.4,INR,2026-04-27,Net 15,Hemal Chad,Closed,DEP-06,PRJ-106
PO-40443,2026-04-17,PR-30517,V-1022,Ambuja Cements,Road Construction Materials,I-5023,TMT Steel Bar Fe500D 12mm,37,Ton,60972.09,2255967.31,INR,2026-04-28,Net 15,Hemal Chad,Closed,DEP-03,PRJ-103
PO-40444,2026-05-26,PR-30518,V-1026,Tata Steel,Road Construction Materials,I-5030,Kerb Stone Precast,21,Nos,208.01,4368.27,INR,2026-06-06,Net 60,David Seshadri,Closed,DEP-04,PRJ-104
PO-40445,2026-02-05,PR-30519,V-1048,Base Corporation,Batteries,I-5046,Battery Rack 4-Tier MS,11,Nos,3071.45,33785.93,INR,2026-02-17,Net 30,Hemal Chad,Closed,DEP-06,PRJ-106
PO-40446,2026-06-04,PR-30520,V-1058,Kajaria Ceramics,Plumbing Materials,I-5053,Ball Valve 1 inch Brass,21,Nos,318.68,6692.24,INR,2026-06-11,Net 60,Januja Pradhan,Closed,DEP-02,PRJ-102
PO-40447,2026-03-20,PR-30522,V-1007,Schneider Electric India,Electrical,I-5011,Cable Gland Brass 25mm,5,Nos,51.88,259.38,INR,2026-04-02,Net 30,Januja Pradhan,Closed,DEP-05,PRJ-105
PO-40448,2025-10-20,PR-30523,V-1027,JSW Steel,Road Construction Materials,I-5029,Wire Mesh Fabric 6mm@150c/c,35,Ton,50204.8,1757168.0,INR,2025-11-01,Advance 20% + Net 30,Hemal Chad,Closed,DEP-04,PRJ-104
PO-40449,2025-10-23,PR-30524,V-1016,Merino Laminates,Carpentry,I-5018,Wood Screws 2 inch (box of 100),24,Box,158.13,3795.24,INR,2025-10-26,Net 15,David Seshadri,Closed,DEP-04,PRJ-104
PO-40450,2025-10-26,PR-30525,V-1037,RenewSys India,Solar Panels,I-5032,Solar Module 540Wp Mono PERC,12,Nos,10900.84,130810.1,INR,2025-11-12,Net 45,Balveer Kota,Partially Delivered,DEP-06,PRJ-106
PO-40451,2026-03-23,PR-30526,V-1001,Polycab India,Electrical,I-5006,Cable Tray 300mm (2m length),11,Nos,948.19,10430.14,INR,2026-03-31,Net 30,Hemal Chad,Cancelled,DEP-02,PRJ-102
PO-40452,2026-03-03,PR-30527,V-1059,Roto Pumps,Plumbing Materials,I-5054,Water Tank 1000L HDPE,28,Nos,6760.26,189287.33,INR,2026-03-11,Advance 20% + Net 30,Balveer Kota,Closed,DEP-01,PRJ-101
PO-40453,2026-01-23,PR-30528,V-1020,UltraTech Cement,Road Construction Materials,I-5023,TMT Steel Bar Fe500D 12mm,45,Ton,59451.64,2675323.96,INR,2026-01-30,Net 30,Reva Viswanathan,Closed,DEP-03,PRJ-103
PO-40454,2026-02-17,PR-30529,V-1016,Merino Laminates,Carpentry,I-5013,Laminate Sheet 1mm (8x4 ft),25,Sheet,1165.57,29139.24,INR,2026-03-02,Net 15,Hemal Chad,Closed,DEP-06,PRJ-106
PO-40455,2026-04-06,PR-30530,V-1023,Shree Cement,Road Construction Materials,I-5031,Geotextile Fabric (roll 100m2),22,Roll,4665.2,102634.37,INR,2026-04-09,Net 45,David Seshadri,Closed,DEP-02,PRJ-102
PO-40456,2026-06-16,PR-30531,V-1012,Kitply Industries,Carpentry,I-5014,MDF Board 12mm (8x4 ft),79,Sheet,1606.93,126947.71,INR,2026-06-19,Net 15,Reva Viswanathan,Closed,DEP-02,PRJ-102
PO-40457,2025-11-16,PR-30532,V-1002,Finolex Cables,Electrical,I-5005,Modular Switch 6A,11,Nos,54.18,595.95,INR,2025-11-23,Advance 20% + Net 30,Balveer Kota,Open,DEP-02,PRJ-102
PO-40458,2025-09-21,PR-30533,V-1007,Schneider Electric India,Electrical,I-5010,MCCB 200A,27,Nos,7093.71,191530.14,INR,2025-10-02,Net 30,Januja Pradhan,Partially Delivered,DEP-01,PRJ-101
PO-40459,2026-05-02,PR-30534,V-1035,Premier Energies,Solar Panels,I-5033,Solar Module 550Wp Bifacial,14,Nos,13353.68,186951.52,INR,2026-05-11,Net 15,David Seshadri,Closed,DEP-05,PRJ-105
PO-40460,2025-09-07,PR-30535,V-1001,Polycab India,Electrical,I-5009,Contactor 40A 3 Pole,4,Nos,1155.92,4623.69,INR,2025-09-28,Net 30,Reva Viswanathan,Closed,DEP-01,PRJ-101
PO-40461,2026-03-21,PR-30536,V-1038,Websol Energy System,Solar Panels,I-5037,MC4 Connector Pair,6,Pair,88.81,532.86,INR,2026-04-09,Net 45,Hemal Chad,Partially Delivered,DEP-04,PRJ-104
PO-40462,2026-02-22,PR-30539,V-1026,Tata Steel,Road Construction Materials,I-5024,Crushed Stone Aggregate 20mm,11,Ton,832.31,9155.38,INR,2026-03-03,Net 60,Januja Pradhan,Cancelled,DEP-03,PRJ-103
PO-40463,2026-07-22,PR-30540,V-1051,Supreme Industries,Plumbing Materials,I-5059,Pipe Clamp GI 4 inch,17,Nos,68.57,1165.77,INR,2026-07-28,Net 30,Hemal Chad,Closed,DEP-01,PRJ-101
PO-40464,2026-06-23,PR-30542,V-1052,Finolex Pipes,Plumbing Materials,I-5051,CPVC Pipe 1 inch (3m length),14,Pcs,407.06,5698.78,INR,2026-07-07,Net 45,Januja Pradhan,Closed,DEP-06,PRJ-106
PO-40465,2025-10-01,PR-30543,V-1001,Polycab India,Electrical,I-5010,MCCB 200A,56,Nos,6645.31,372137.51,INR,2025-10-16,Net 30,Reva Viswanathan,Closed,DEP-06,PRJ-106
PO-40466,2025-10-30,PR-30544,V-1033,Vikram Solar,Solar Panels,I-5039,Earthing Kit for Module Structure,22,Set,783.11,17228.38,INR,2025-11-12,Advance 20% + Net 30,Balveer Kota,Closed,DEP-06,PRJ-106
PO-40467,2025-11-19,PR-30545,V-1030,Tata Power Solar,Solar Panels,I-5039,Earthing Kit for Module Structure,9,Set,795.53,7159.79,INR,2025-12-05,Net 60,Hemal Chad,Cancelled,DEP-01,PRJ-101
PO-40468,2026-04-06,PR-30546,V-1011,Greenply Industries,Carpentry,I-5012,Plywood 19mm BWP (8x4 ft),16,Sheet,3285.12,52561.93,INR,2026-04-23,Net 60,Januja Pradhan,Partially Delivered,DEP-01,PRJ-101
PO-40469,2026-04-09,PR-30547,V-1009,Orient Electric,Electrical,I-5005,Modular Switch 6A,21,Nos,65.21,1369.33,INR,2026-04-12,Net 15,Januja Pradhan,Closed,DEP-03,PRJ-103
PO-40470,2026-03-30,PR-30549,V-1009,Orient Electric,Electrical,I-5010,MCCB 200A,6,Nos,8212.76,49276.53,INR,2026-04-03,Net 15,Hemal Chad,Closed,DEP-03,PRJ-103
PO-40471,2025-09-11,PR-30550,V-1051,Supreme Industries,Plumbing Materials,I-5059,Pipe Clamp GI 4 inch,24,Nos,52.25,1253.96,INR,2025-09-28,Net 30,Balveer Kota,Closed,DEP-02,PRJ-102
PO-40472,2026-04-28,PR-30551,V-1004,V-Guard Industries,Electrical,I-5002,MCB 32A Single Pole,25,Nos,145.44,3635.93,INR,2026-05-10,Advance 20% + Net 30,David Seshadri,Open,DEP-03,PRJ-103
PO-40473,2026-07-18,PR-30552,V-1006,Legrand India,Electrical,I-5011,Cable Gland Brass 25mm,12,Nos,62.1,745.24,INR,2026-07-28,Net 45,Januja Pradhan,Open,DEP-04,PRJ-104
PO-40474,2026-04-03,PR-30553,V-1058,Kajaria Ceramics,Plumbing Materials,I-5057,Bathroom Faucet Single Lever,8,Nos,1860.58,14884.62,INR,2026-04-14,Net 60,Balveer Kota,Partially Delivered,DEP-03,PRJ-103
PO-40475,2026-06-26,PR-30554,V-1020,UltraTech Cement,Road Construction Materials,I-5024,Crushed Stone Aggregate 20mm,23,Ton,805.63,18529.41,INR,2026-07-12,Net 30,Reva Viswanathan,Closed,DEP-05,PRJ-105
PO-40476,2026-07-24,PR-30555,V-1042,Luminous Power Technologies,Batteries,I-5043,Lithium-ion Battery Pack 48V 100Ah,25,Nos,121913.93,3047848.14,INR,2026-08-02,Advance 20% + Net 30,David Seshadri,Closed,DEP-06,PRJ-106
PO-40477,2025-11-08,PR-30556,V-1033,Vikram Solar,Solar Panels,I-5032,Solar Module 540Wp Mono PERC,28,Nos,11785.15,329984.21,INR,2025-11-17,Advance 20% + Net 30,Hemal Chad,Closed,DEP-01,PRJ-101
PO-40478,2026-03-24,PR-30559,V-1051,Supreme Industries,Plumbing Materials,I-5053,Ball Valve 1 inch Brass,24,Nos,320.79,7698.88,INR,2026-04-09,Net 30,Balveer Kota,Closed,DEP-03,PRJ-103
PO-40479,2026-05-12,PR-30560,V-1051,Supreme Industries,Plumbing Materials,I-5055,Sanitaryware Wash Basin,16,Nos,2352.24,37635.83,INR,2026-05-15,Net 30,Januja Pradhan,Closed,DEP-01,PRJ-101
PO-40480,2026-01-21,PR-30561,V-1017,Hettich India,Carpentry,I-5014,MDF Board 12mm (8x4 ft),20,Sheet,1554.57,31091.43,INR,2026-02-06,Net 45,Reva Viswanathan,Closed,DEP-02,PRJ-102
PO-40481,2026-02-11,PR-30562,V-1004,V-Guard Industries,Electrical,I-5009,Contactor 40A 3 Pole,20,Nos,1370.52,27410.43,INR,2026-02-17,Advance 20% + Net 30,Reva Viswanathan,Closed,DEP-04,PRJ-104
PO-40482,2026-07-03,PR-30563,V-1050,Astral Pipes,Plumbing Materials,I-5054,Water Tank 1000L HDPE,30,Nos,6981.6,209447.87,INR,2026-07-11,Net 60,Reva Viswanathan,Partially Delivered,DEP-01,PRJ-101
PO-40483,2025-09-09,PR-30564,V-1008,KEI Industries,Electrical,I-5011,Cable Gland Brass 25mm,94,Nos,48.0,4511.62,INR,2025-09-24,Net 30,Hemal Chad,Closed,DEP-01,PRJ-101
PO-40484,2026-02-14,PR-30565,V-1024,JK Cement,Road Construction Materials,I-5028,PQC Dowel Bar 32mm,28,Ton,56149.03,1572172.97,INR,2026-02-20,Advance 20% + Net 30,Hemal Chad,Closed,DEP-06,PRJ-106
PO-40485,2026-01-29,PR-30566,V-1050,Astral Pipes,Plumbing Materials,I-5057,Bathroom Faucet Single Lever,19,Nos,1749.14,33233.7,INR,2026-02-01,Net 60,David Seshadri,Closed,DEP-05,PRJ-105
PO-40486,2026-07-15,PR-30567,V-1041,Amara Raja Batteries (Amaron),Batteries,I-5049,Deep Cycle Battery 200Ah,19,Nos,22246.47,422683.01,INR,2026-07-21,Net 30,David Seshadri,Closed,DEP-05,PRJ-105
PO-40487,2026-01-18,PR-30570,V-1032,Adani Solar,Solar Panels,I-5038,Combiner Box 6 in 1 out,17,Nos,5725.72,97337.24,INR,2026-02-03,Net 60,David Seshadri,Closed,DEP-06,PRJ-106
PO-40488,2026-01-16,PR-30571,V-1023,Shree Cement,Road Construction Materials,I-5023,TMT Steel Bar Fe500D 12mm,40,Ton,58350.1,2334004.08,INR,2026-01-21,Net 45,David Seshadri,Cancelled,DEP-06,PRJ-106
PO-40489,2026-05-03,PR-30572,V-1008,KEI Industries,Electrical,I-5003,Distribution Board 8-Way,15,Nos,1349.29,20239.36,INR,2026-05-15,Net 30,Hemal Chad,Open,DEP-02,PRJ-102
PO-40490,2025-12-19,PR-30573,V-1059,Roto Pumps,Plumbing Materials,I-5058,Submersible Pump 1HP,28,Nos,7792.37,218186.25,INR,2025-12-26,Advance 20% + Net 30,David Seshadri,Closed,DEP-04,PRJ-104
PO-40491,2025-11-04,PR-30574,V-1028,Birla Corporation,Road Construction Materials,I-5026,Bitumen VG-30 (drum 180kg),32,Drum,8869.51,283824.44,INR,2025-11-08,Net 60,Balveer Kota,Closed,DEP-05,PRJ-105
PO-40492,2026-05-31,PR-30575,V-1001,Polycab India,Electrical,I-5004,LED Flood Light 100W,12,Nos,1966.16,23593.97,INR,2026-06-06,Net 30,David Seshadri,Closed,DEP-04,PRJ-104
PO-40493,2026-01-22,PR-30576,V-1029,L&T Construction Materials,Road Construction Materials,I-5025,River Sand (fine aggregate),13,Ton,1295.89,16846.61,INR,2026-01-25,Net 30,Januja Pradhan,Closed,DEP-04,PRJ-104
PO-40494,2026-06-27,PR-30579,V-1039,Loom Solar,Solar Panels,I-5039,Earthing Kit for Module Structure,21,Set,888.52,18658.91,INR,2026-07-07,Advance 20% + Net 30,Hemal Chad,Closed,DEP-01,PRJ-101
PO-40495,2026-08-09,PR-30580,V-1045,HBL Power Systems,Batteries,I-5046,Battery Rack 4-Tier MS,11,Nos,3295.85,36254.31,INR,2026-08-27,Net 45,Januja Pradhan,Closed,DEP-04,PRJ-104
PO-40496,2026-04-13,PR-30581,V-1004,V-Guard Industries,Electrical,I-5009,Contactor 40A 3 Pole,18,Nos,1495.67,26922.05,INR,2026-04-30,Advance 20% + Net 30,Januja Pradhan,Cancelled,DEP-04,PRJ-104
PO-40497,2026-02-18,PR-30582,V-1015,Action Tesa,Carpentry,I-5017,Door Lock Mortise Set,12,Set,905.15,10861.86,INR,2026-02-24,Net 30,Reva Viswanathan,Closed,DEP-02,PRJ-102
PO-40498,2025-10-09,PR-30584,V-1027,JSW Steel,Road Construction Materials,I-5026,Bitumen VG-30 (drum 180kg),31,Drum,8330.67,258250.65,INR,2025-10-12,Advance 20% + Net 30,David Seshadri,Closed,DEP-02,PRJ-102
PO-40499,2026-05-05,PR-30586,V-1011,Greenply Industries,Carpentry,I-5012,Plywood 19mm BWP (8x4 ft),21,Sheet,3415.27,71720.65,INR,2026-05-17,Net 60,Hemal Chad,Closed,DEP-01,PRJ-101
PO-40500,2026-06-17,PR-30587,V-1012,Kitply Industries,Carpentry,I-5018,Wood Screws 2 inch (box of 100),22,Box,183.58,4038.69,INR,2026-07-03,Net 15,Januja Pradhan,Closed,DEP-02,PRJ-102
PO-40501,2026-07-14,PR-30589,V-1009,Orient Electric,Electrical,I-5002,MCB 32A Single Pole,9,Nos,162.7,1464.27,INR,2026-07-18,Net 15,Reva Viswanathan,Open,DEP-04,PRJ-104
PO-40502,2026-08-04,PR-30590,V-1005,Crompton Greaves Consumer,Electrical,I-5004,LED Flood Light 100W,28,Nos,2095.91,58685.59,INR,2026-08-10,Advance 20% + Net 30,Januja Pradhan,Open,DEP-01,PRJ-101
PO-40503,2026-07-26,PR-30591,V-1009,Orient Electric,Electrical,I-5010,MCCB 200A,13,Nos,9432.36,122620.71,INR,2026-08-01,Net 15,Hemal Chad,Closed,DEP-04,PRJ-104
PO-40504,2025-11-07,PR-30592,V-1029,L&T Construction Materials,Road Construction Materials,I-5022,OPC 53 Grade Cement (50kg bag),17,Bag,336.77,5725.05,INR,2025-11-13,Net 30,David Seshadri,Closed,DEP-05,PRJ-105
PO-40505,2026-02-02,PR-30593,V-1016,Merino Laminates,Carpentry,I-5019,Veneer Sheet Teak (8x4 ft),36,Sheet,3834.75,138051.03,INR,2026-02-19,Net 15,Reva Viswanathan,Closed,DEP-05,PRJ-105
PO-40506,2026-03-25,PR-30596,V-1015,Action Tesa,Carpentry,I-5020,PVC Edge Banding Tape (100m roll),13,Roll,644.63,8380.2,INR,2026-04-01,Net 30,Balveer Kota,Closed,DEP-05,PRJ-105
PO-40507,2026-08-09,PR-30597,V-1039,Loom Solar,Solar Panels,I-5040,Anti-Reflective Glass Panel (spare),20,Nos,3130.12,62602.37,INR,2026-08-14,Advance 20% + Net 30,Hemal Chad,Closed,DEP-02,PRJ-102
PO-40508,2025-10-09,PR-30599,V-1045,HBL Power Systems,Batteries,I-5048,Battery Monitoring System (BMS module),19,Nos,3567.32,67779.11,INR,2025-10-12,Net 45,Balveer Kota,Partially Delivered,DEP-04,PRJ-104
PO-40509,2025-12-27,PR-30600,V-1020,UltraTech Cement,Road Construction Materials,I-5026,Bitumen VG-30 (drum 180kg),45,Drum,8431.58,379421.03,INR,2026-01-05,Net 30,Hemal Chad,Closed,DEP-04,PRJ-104
PO-40510,2025-12-10,PR-30601,V-1048,Base Corporation,Batteries,I-5049,Deep Cycle Battery 200Ah,12,Nos,20124.11,241489.36,INR,2025-12-15,Net 30,Reva Viswanathan,Closed,DEP-06,PRJ-106
PO-40511,2026-06-07,PR-30602,V-1015,Action Tesa,Carpentry,I-5021,Adhesive Fevicol SH (5kg),14,Can,1161.28,16257.9,INR,2026-06-15,Net 30,David Seshadri,Cancelled,DEP-04,PRJ-104
PO-40512,2026-07-16,PR-30603,V-1039,Loom Solar,Solar Panels,I-5040,Anti-Reflective Glass Panel (spare),18,Nos,3321.1,59779.8,INR,2026-07-27,Advance 20% + Net 30,David Seshadri,Closed,DEP-05,PRJ-105
PO-40513,2026-08-11,PR-30604,V-1040,Exide Industries,Batteries,I-5047,Battery Interconnect Cable Set,21,Set,684.26,14369.44,INR,2026-08-16,Net 45,Januja Pradhan,Partially Delivered,DEP-05,PRJ-105
PO-40514,2026-04-11,PR-30605,V-1030,Tata Power Solar,Solar Panels,I-5037,MC4 Connector Pair,18,Pair,86.18,1551.17,INR,2026-04-20,Net 60,Reva Viswanathan,Closed,DEP-04,PRJ-104
PO-40515,2026-04-12,PR-30606,V-1005,Crompton Greaves Consumer,Electrical,I-5011,Cable Gland Brass 25mm,15,Nos,59.38,890.77,INR,2026-04-21,Advance 20% + Net 30,David Seshadri,Closed,DEP-06,PRJ-106
PO-40516,2026-01-09,PR-30607,V-1035,Premier Energies,Solar Panels,I-5032,Solar Module 540Wp Mono PERC,27,Nos,11139.17,300757.47,INR,2026-01-19,Net 15,Hemal Chad,Cancelled,DEP-05,PRJ-105
PO-40517,2026-08-09,PR-30608,V-1025,Dalmia Bharat Cement,Road Construction Materials,I-5023,TMT Steel Bar Fe500D 12mm,37,Ton,62679.02,2319123.64,INR,2026-08-26,Net 60,Balveer Kota,Open,DEP-05,PRJ-105
PO-40518,2026-02-26,PR-30609,V-1032,Adani Solar,Solar Panels,I-5032,Solar Module 540Wp Mono PERC,48,Nos,11574.28,555565.23,INR,2026-03-08,Net 60,Januja Pradhan,Closed,DEP-05,PRJ-105
PO-40519,2025-09-15,PR-30610,V-1041,Amara Raja Batteries (Amaron),Batteries,I-5043,Lithium-ion Battery Pack 48V 100Ah,11,Nos,102563.47,1128198.19,INR,2025-09-26,Net 30,Reva Viswanathan,Partially Delivered,DEP-06,PRJ-106
PO-40520,2025-09-19,PR-30611,V-1040,Exide Industries,Batteries,I-5045,VRLA SMF Battery 12V 100Ah,19,Nos,9103.52,172966.82,INR,2025-10-09,Net 45,Balveer Kota,Closed,DEP-03,PRJ-103
PO-40521,2025-10-18,PR-30613,V-1014,Duro Ply India,Carpentry,I-5016,Drawer Channel 18 inch Telescopic,10,Pair,340.52,3405.19,INR,2025-10-29,Net 30,Januja Pradhan,Closed,DEP-01,PRJ-101
PO-40522,2025-09-10,PR-30614,V-1020,UltraTech Cement,Road Construction Materials,I-5029,Wire Mesh Fabric 6mm@150c/c,1,Ton,49975.68,49975.68,INR,2025-09-15,Net 30,Januja Pradhan,Closed,DEP-04,PRJ-104
PO-40523,2026-05-20,PR-30616,V-1034,Goldi Solar,Solar Panels,I-5034,String Inverter 50kW,21,Nos,356579.79,7488175.64,INR,2026-05-23,Advance 20% + Net 30,Balveer Kota,Closed,DEP-01,PRJ-101
PO-40524,2025-12-18,PR-30617,V-1036,Emmvee Solar,Solar Panels,I-5035,Module Mounting Structure (per kW),13,kW Set,4132.09,53717.17,INR,2025-12-25,Net 45,Januja Pradhan,Closed,DEP-01,PRJ-101
PO-40525,2026-03-09,PR-30618,V-1033,Vikram Solar,Solar Panels,I-5034,String Inverter 50kW,31,Nos,348401.73,10800453.58,INR,2026-03-28,Advance 20% + Net 30,Januja Pradhan,Open,DEP-03,PRJ-103
PO-40526,2026-06-08,PR-30620,V-1038,Websol Energy System,Solar Panels,I-5038,Combiner Box 6 in 1 out,7,Nos,6481.97,45373.78,INR,2026-06-25,Net 45,Hemal Chad,Closed,DEP-05,PRJ-105
PO-40527,2026-01-05,PR-30621,V-1041,Amara Raja Batteries (Amaron),Batteries,I-5043,Lithium-ion Battery Pack 48V 100Ah,8,Nos,110665.71,885325.67,INR,2026-01-23,Net 30,Reva Viswanathan,Closed,DEP-03,PRJ-103
PO-40528,2026-07-09,PR-30622,V-1038,Websol Energy System,Solar Panels,I-5034,String Inverter 50kW,18,Nos,386250.74,6952513.33,INR,2026-07-30,Net 45,Hemal Chad,Closed,DEP-04,PRJ-104
PO-40529,2026-06-16,PR-30625,V-1009,Orient Electric,Electrical,I-5011,Cable Gland Brass 25mm,6,Nos,59.71,358.27,INR,2026-06-20,Net 15,Balveer Kota,Closed,DEP-03,PRJ-103
PO-40530,2026-07-02,PR-30626,V-1037,RenewSys India,Solar Panels,I-5034,String Inverter 50kW,9,Nos,400642.94,3605786.44,INR,2026-07-15,Net 45,Januja Pradhan,Closed,DEP-04,PRJ-104
PO-40531,2026-06-28,PR-30627,V-1032,Adani Solar,Solar Panels,I-5040,Anti-Reflective Glass Panel (spare),10,Nos,3025.26,30252.62,INR,2026-07-02,Net 60,Hemal Chad,Partially Delivered,DEP-05,PRJ-105
PO-40532,2026-01-23,PR-30628,V-1040,Exide Industries,Batteries,I-5045,VRLA SMF Battery 12V 100Ah,48,Nos,8517.36,408833.19,INR,2026-02-12,Net 45,David Seshadri,Open,DEP-05,PRJ-105
PO-40533,2026-02-03,PR-30629,V-1031,Waaree Energies,Solar Panels,I-5039,Earthing Kit for Module Structure,18,Set,800.79,14414.26,INR,2026-02-14,Net 30,David Seshadri,Open,DEP-04,PRJ-104
PO-40534,2026-04-27,PR-30630,V-1030,Tata Power Solar,Solar Panels,I-5036,DC Cable 4 sqmm Solar Grade (100m),18,Coil,3190.09,57421.69,INR,2026-05-03,Net 60,Januja Pradhan,Partially Delivered,DEP-02,PRJ-102
PO-40535,2026-01-29,PR-30631,V-1040,Exide Industries,Batteries,I-5049,Deep Cycle Battery 200Ah,30,Nos,20687.49,620624.72,INR,2026-02-03,Net 45,Januja Pradhan,Closed,DEP-04,PRJ-104
PO-40536,2026-05-08,PR-30632,V-1017,Hettich India,Carpentry,I-5017,Door Lock Mortise Set,19,Set,1003.35,19063.72,INR,2026-05-23,Net 45,Januja Pradhan,Closed,DEP-05,PRJ-105
PO-40537,2026-02-17,PR-30633,V-1025,Dalmia Bharat Cement,Road Construction Materials,I-5029,Wire Mesh Fabric 6mm@150c/c,65,Ton,55549.29,3610703.91,INR,2026-02-24,Net 60,Reva Viswanathan,Open,DEP-03,PRJ-103
PO-40538,2025-10-06,PR-30634,V-1037,RenewSys India,Solar Panels,I-5038,Combiner Box 6 in 1 out,19,Nos,5686.89,108050.84,INR,2025-10-21,Net 45,David Seshadri,Closed,DEP-03,PRJ-103
PO-40539,2026-06-07,PR-30635,V-1012,Kitply Industries,Carpentry,I-5014,MDF Board 12mm (8x4 ft),20,Sheet,1717.84,34356.9,INR,2026-06-27,Net 15,David Seshadri,Closed,DEP-04,PRJ-104
PO-40540,2026-05-29,PR-30636,V-1003,Anchor by Panasonic,Electrical,I-5000,Armoured Copper Cable 3.5C x 95 sqmm,8,Mtr,431.16,3449.29,INR,2026-06-06,Net 15,Balveer Kota,Partially Delivered,DEP-05,PRJ-105
PO-40541,2025-09-24,PR-30637,V-1044,Okaya Power,Batteries,I-5045,VRLA SMF Battery 12V 100Ah,21,Nos,8639.82,181436.31,INR,2025-09-29,Net 15,Reva Viswanathan,Closed,DEP-06,PRJ-106
PO-40542,2026-07-09,PR-30638,V-1047,Panasonic Energy India,Batteries,I-5045,VRLA SMF Battery 12V 100Ah,28,Nos,9407.49,263409.76,INR,2026-07-15,Net 15,Januja Pradhan,Closed,DEP-05,PRJ-105
PO-40543,2026-05-21,PR-30639,V-1011,Greenply Industries,Carpentry,I-5020,PVC Edge Banding Tape (100m roll),46,Roll,676.34,31111.86,INR,2026-05-31,Net 60,David Seshadri,Closed,DEP-04,PRJ-104
PO-40544,2025-10-17,PR-30640,V-1001,Polycab India,Electrical,I-5010,MCCB 200A,26,Nos,7069.88,183816.96,INR,2025-11-01,Net 30,Reva Viswanathan,Closed,DEP-03,PRJ-103
PO-40545,2025-09-20,PR-30641,V-1043,Su-Kam Power Systems,Batteries,I-5044,Inverter 2.5kVA Pure Sinewave,29,Nos,14275.53,413990.27,INR,2025-10-08,Net 15,Balveer Kota,Closed,DEP-03,PRJ-103
PO-40546,2025-10-25,PR-30642,V-1051,Supreme Industries,Plumbing Materials,I-5051,CPVC Pipe 1 inch (3m length),15,Pcs,298.89,4483.37,INR,2025-11-03,Net 30,David Seshadri,Closed,DEP-06,PRJ-106
PO-40547,2026-03-30,PR-30643,V-1054,Ashirvad Pipes (Aliaxis),Plumbing Materials,I-5056,Concealed Cistern with Frame,20,Set,8479.62,169592.48,INR,2026-04-12,Net 15,Balveer Kota,Closed,DEP-06,PRJ-106
PO-40548,2026-01-13,PR-30644,V-1022,Ambuja Cements,Road Construction Materials,I-5031,Geotextile Fabric (roll 100m2),13,Roll,4723.71,61408.22,INR,2026-02-01,Net 15,Reva Viswanathan,Open,DEP-06,PRJ-106
PO-40549,2026-06-08,PR-30645,V-1015,Action Tesa,Carpentry,I-5013,Laminate Sheet 1mm (8x4 ft),23,Sheet,1220.69,28075.76,INR,2026-06-18,Net 30,David Seshadri,Closed,DEP-02,PRJ-102
PO-40550,2026-06-06,PR-30646,V-1054,Ashirvad Pipes (Aliaxis),Plumbing Materials,I-5058,Submersible Pump 1HP,37,Nos,9690.54,358549.84,INR,2026-06-17,Net 15,Hemal Chad,Closed,DEP-04,PRJ-104
PO-40551,2025-12-18,PR-30647,V-1059,Roto Pumps,Plumbing Materials,I-5057,Bathroom Faucet Single Lever,44,Nos,1705.84,75057.16,INR,2025-12-25,Advance 20% + Net 30,David Seshadri,Closed,DEP-06,PRJ-106
PO-40552,2025-11-06,PR-30648,V-1024,JK Cement,Road Construction Materials,I-5030,Kerb Stone Precast,10,Nos,189.33,1893.34,INR,2025-11-19,Advance 20% + Net 30,Januja Pradhan,Closed,DEP-04,PRJ-104
PO-40553,2026-01-09,PR-30649,V-1035,Premier Energies,Solar Panels,I-5039,Earthing Kit for Module Structure,7,Set,737.7,5163.88,INR,2026-01-23,Net 15,Hemal Chad,Open,DEP-04,PRJ-104
PO-40554,2025-12-12,PR-30650,V-1028,Birla Corporation,Road Construction Materials,I-5030,Kerb Stone Precast,22,Nos,202.72,4459.9,INR,2025-12-23,Net 60,Balveer Kota,Closed,DEP-02,PRJ-102
PO-40555,2026-07-15,PR-30651,V-1041,Amara Raja Batteries (Amaron),Batteries,I-5049,Deep Cycle Battery 200Ah,45,Nos,21957.95,988107.87,INR,2026-07-29,Net 30,Hemal Chad,Closed,DEP-05,PRJ-105
PO-40556,2025-10-25,PR-30652,V-1035,Premier Energies,Solar Panels,I-5037,MC4 Connector Pair,21,Pair,87.16,1830.45,INR,2025-11-02,Net 15,Januja Pradhan,Partially Delivered,DEP-06,PRJ-106
PO-40557,2026-05-18,PR-30653,V-1018,Ebco Private Ltd,Carpentry,I-5015,Hinges SS 4 inch,21,Pair,83.1,1745.14,INR,2026-05-24,Net 45,Januja Pradhan,Closed,DEP-01,PRJ-101
PO-40558,2026-07-24,PR-30654,V-1011,Greenply Industries,Carpentry,I-5021,Adhesive Fevicol SH (5kg),27,Can,1183.38,31951.23,INR,2026-08-05,Net 60,Hemal Chad,Partially Delivered,DEP-01,PRJ-101
PO-40559,2026-01-22,PR-30655,V-1017,Hettich India,Carpentry,I-5015,Hinges SS 4 inch,11,Pair,75.87,834.6,INR,2026-02-12,Net 45,Januja Pradhan,Closed,DEP-04,PRJ-104
PO-40560,2026-02-28,PR-30656,V-1038,Websol Energy System,Solar Panels,I-5038,Combiner Box 6 in 1 out,24,Nos,6299.05,151177.29,INR,2026-03-11,Net 45,Hemal Chad,Closed,DEP-05,PRJ-105
PO-40561,2026-06-29,PR-30657,V-1021,ACC Limited,Road Construction Materials,I-5029,Wire Mesh Fabric 6mm@150c/c,13,Ton,54892.52,713602.82,INR,2026-07-02,Advance 20% + Net 30,Reva Viswanathan,Closed,DEP-02,PRJ-102
PO-40562,2026-04-19,PR-30658,V-1033,Vikram Solar,Solar Panels,I-5032,Solar Module 540Wp Mono PERC,9,Nos,12262.86,110365.77,INR,2026-05-03,Advance 20% + Net 30,Reva Viswanathan,Closed,DEP-04,PRJ-104
PO-40563,2026-07-06,PR-30659,V-1048,Base Corporation,Batteries,I-5048,Battery Monitoring System (BMS module),10,Nos,4412.8,44128.04,INR,2026-07-27,Net 30,Hemal Chad,Open,DEP-04,PRJ-104
PO-40564,2026-02-27,PR-30660,V-1042,Luminous Power Technologies,Batteries,I-5044,Inverter 2.5kVA Pure Sinewave,15,Nos,14855.01,222825.18,INR,2026-03-11,Advance 20% + Net 30,Hemal Chad,Closed,DEP-03,PRJ-103
PO-40565,2026-02-26,PR-30661,V-1006,Legrand India,Electrical,I-5002,MCB 32A Single Pole,6,Nos,146.44,878.67,INR,2026-03-08,Net 45,David Seshadri,Open,DEP-03,PRJ-103
PO-40566,2026-03-02,PR-30662,V-1023,Shree Cement,Road Construction Materials,I-5023,TMT Steel Bar Fe500D 12mm,12,Ton,55505.72,666068.62,INR,2026-03-16,Net 45,David Seshadri,Closed,DEP-05,PRJ-105
PO-40567,2025-10-21,PR-30663,V-1017,Hettich India,Carpentry,I-5018,Wood Screws 2 inch (box of 100),22,Box,151.82,3340.05,INR,2025-11-01,Net 45,Reva Viswanathan,Cancelled,DEP-01,PRJ-101
PO-40568,2026-05-29,PR-30664,V-1006,Legrand India,Electrical,I-5010,MCCB 200A,31,Nos,8069.68,250160.21,INR,2026-06-06,Net 45,Januja Pradhan,Closed,DEP-02,PRJ-102
PO-40569,2026-07-27,PR-30665,V-1027,JSW Steel,Road Construction Materials,I-5026,Bitumen VG-30 (drum 180kg),33,Drum,9343.13,308323.16,INR,2026-08-16,Advance 20% + Net 30,David Seshadri,Cancelled,DEP-01,PRJ-101
PO-40570,2026-03-22,PR-30666,V-1053,Prince Pipes,Plumbing Materials,I-5058,Submersible Pump 1HP,58,Nos,8779.14,509189.88,INR,2026-04-08,Net 15,Reva Viswanathan,Closed,DEP-02,PRJ-102
PO-40571,2025-09-14,PR-30667,V-1024,JK Cement,Road Construction Materials,I-5026,Bitumen VG-30 (drum 180kg),37,Drum,8648.47,319993.51,INR,2025-09-20,Advance 20% + Net 30,David Seshadri,Closed,DEP-03,PRJ-103
PO-40572,2025-09-27,PR-30669,V-1041,Amara Raja Batteries (Amaron),Batteries,I-5049,Deep Cycle Battery 200Ah,28,Nos,19586.26,548415.31,INR,2025-10-16,Net 30,David Seshadri,Cancelled,DEP-06,PRJ-106
PO-40573,2026-04-11,PR-30670,V-1051,Supreme Industries,Plumbing Materials,I-5054,Water Tank 1000L HDPE,15,Nos,6802.82,102042.29,INR,2026-04-17,Net 30,Januja Pradhan,Open,DEP-03,PRJ-103
PO-40574,2025-12-23,PR-30671,V-1020,UltraTech Cement,Road Construction Materials,I-5029,Wire Mesh Fabric 6mm@150c/c,35,Ton,53406.95,1869243.09,INR,2026-01-07,Net 30,Balveer Kota,Partially Delivered,DEP-01,PRJ-101
PO-40575,2026-07-03,PR-30672,V-1030,Tata Power Solar,Solar Panels,I-5039,Earthing Kit for Module Structure,31,Set,915.18,28370.57,INR,2026-07-16,Net 60,Reva Viswanathan,Closed,DEP-06,PRJ-106
PO-40576,2026-06-05,PR-30674,V-1002,Finolex Cables,Electrical,I-5011,Cable Gland Brass 25mm,34,Nos,58.71,1995.98,INR,2026-06-26,Advance 20% + Net 30,Balveer Kota,Closed,DEP-03,PRJ-103
PO-40577,2026-06-07,PR-30675,V-1051,Supreme Industries,Plumbing Materials,I-5056,Concealed Cistern with Frame,20,Set,8337.06,166741.29,INR,2026-06-19,Net 30,Hemal Chad,Closed,DEP-04,PRJ-104
PO-40578,2026-02-17,PR-30676,V-1055,CERA Sanitaryware,Plumbing Materials,I-5054,Water Tank 1000L HDPE,2,Nos,6467.21,12934.42,INR,2026-03-09,Net 30,Hemal Chad,Closed,DEP-04,PRJ-104
PO-40579,2026-06-01,PR-30677,V-1026,Tata Steel,Road Construction Materials,I-5022,OPC 53 Grade Cement (50kg bag),11,Bag,364.39,4008.29,INR,2026-06-17,Net 60,David Seshadri,Closed,DEP-02,PRJ-102
PO-40580,2026-02-20,PR-30678,V-1025,Dalmia Bharat Cement,Road Construction Materials,I-5022,OPC 53 Grade Cement (50kg bag),31,Bag,337.34,10457.54,INR,2026-03-07,Net 60,Hemal Chad,Closed,DEP-06,PRJ-106
PO-40581,2025-11-11,PR-30679,V-1059,Roto Pumps,Plumbing Materials,I-5055,Sanitaryware Wash Basin,15,Nos,2064.49,30967.3,INR,2025-11-21,Advance 20% + Net 30,Reva Viswanathan,Open,DEP-06,PRJ-106
PO-40582,2025-09-21,PR-30680,V-1051,Supreme Industries,Plumbing Materials,I-5050,UPVC Pipe 4 inch SCH-40 (3m length),7,Pcs,970.51,6793.55,INR,2025-10-02,Net 30,Januja Pradhan,Partially Delivered,DEP-06,PRJ-106
PO-40583,2025-09-25,PR-30681,V-1001,Polycab India,Electrical,I-5006,Cable Tray 300mm (2m length),19,Nos,802.39,15245.39,INR,2025-10-02,Net 30,Januja Pradhan,Partially Delivered,DEP-06,PRJ-106
PO-40584,2026-07-28,PR-30682,V-1015,Action Tesa,Carpentry,I-5017,Door Lock Mortise Set,9,Set,1030.32,9272.84,INR,2026-08-14,Net 30,Reva Viswanathan,Closed,DEP-02,PRJ-102
PO-40585,2026-06-18,PR-30683,V-1004,V-Guard Industries,Electrical,I-5005,Modular Switch 6A,20,Nos,70.34,1406.8,INR,2026-07-05,Advance 20% + Net 30,Hemal Chad,Closed,DEP-03,PRJ-103
PO-40586,2026-07-02,PR-30684,V-1008,KEI Industries,Electrical,I-5003,Distribution Board 8-Way,17,Nos,1381.07,23478.14,INR,2026-07-20,Net 30,Hemal Chad,Closed,DEP-02,PRJ-102
PO-40587,2026-02-28,PR-30686,V-1001,Polycab India,Electrical,I-5001,PVC Insulated Wire 2.5 sqmm (90m coil),26,Coil,1636.96,42561.06,INR,2026-03-14,Net 30,Januja Pradhan,Closed,DEP-04,PRJ-104
PO-40588,2025-10-14,PR-30688,V-1052,Finolex Pipes,Plumbing Materials,I-5058,Submersible Pump 1HP,18,Nos,7904.84,142287.03,INR,2025-10-24,Net 45,Reva Viswanathan,Closed,DEP-05,PRJ-105
PO-40589,2025-11-12,PR-30689,V-1047,Panasonic Energy India,Batteries,I-5043,Lithium-ion Battery Pack 48V 100Ah,53,Nos,111495.38,5909255.35,INR,2025-11-18,Net 15,David Seshadri,Closed,DEP-06,PRJ-106
PO-40590,2025-12-24,PR-30690,V-1001,Polycab India,Electrical,I-5009,Contactor 40A 3 Pole,21,Nos,1372.95,28831.85,INR,2026-01-02,Net 30,Januja Pradhan,Closed,DEP-02,PRJ-102
PO-40591,2026-05-11,PR-30691,V-1004,V-Guard Industries,Electrical,I-5008,Earthing Strip GI 25x3mm,7,Mtr,95.52,668.62,INR,2026-05-30,Advance 20% + Net 30,Reva Viswanathan,Closed,DEP-06,PRJ-106
PO-40592,2026-04-16,PR-30692,V-1002,Finolex Cables,Electrical,I-5001,PVC Insulated Wire 2.5 sqmm (90m coil),14,Coil,1713.13,23983.87,INR,2026-04-22,Advance 20% + Net 30,Hemal Chad,Open,DEP-04,PRJ-104
PO-40593,2026-02-15,PR-30693,V-1012,Kitply Industries,Carpentry,I-5014,MDF Board 12mm (8x4 ft),42,Sheet,1578.7,66305.54,INR,2026-03-06,Net 15,Januja Pradhan,Cancelled,DEP-05,PRJ-105
PO-40594,2025-12-30,PR-30694,V-1045,HBL Power Systems,Batteries,I-5046,Battery Rack 4-Tier MS,33,Nos,2976.92,98238.48,INR,2026-01-12,Net 45,Reva Viswanathan,Closed,DEP-04,PRJ-104
PO-40595,2026-04-28,PR-30695,V-1024,JK Cement,Road Construction Materials,I-5024,Crushed Stone Aggregate 20mm,35,Ton,827.64,28967.46,INR,2026-05-01,Advance 20% + Net 30,Reva Viswanathan,Closed,DEP-04,PRJ-104
PO-40596,2025-11-23,PR-30696,V-1006,Legrand India,Electrical,I-5003,Distribution Board 8-Way,30,Nos,1137.79,34133.63,INR,2025-12-03,Net 45,Januja Pradhan,Closed,DEP-03,PRJ-103
PO-40597,2025-11-21,PR-30698,V-1029,L&T Construction Materials,Road Construction Materials,I-5024,Crushed Stone Aggregate 20mm,17,Ton,741.9,12612.38,INR,2025-12-02,Net 30,Balveer Kota,Closed,DEP-06,PRJ-106
PO-40598,2025-11-02,PR-30701,V-1050,Astral Pipes,Plumbing Materials,I-5052,PVC Elbow 4 inch,16,Nos,84.21,1347.34,INR,2025-11-16,Net 60,Reva Viswanathan,Closed,DEP-06,PRJ-106
PO-40599,2026-06-27,PR-30703,V-1044,Okaya Power,Batteries,I-5043,Lithium-ion Battery Pack 48V 100Ah,17,Nos,114215.86,1941669.63,INR,2026-07-14,Net 15,Hemal Chad,Partially Delivered,DEP-02,PRJ-102
PO-40600,2026-01-15,PR-30704,V-1023,Shree Cement,Road Construction Materials,I-5024,Crushed Stone Aggregate 20mm,7,Ton,799.32,5595.27,INR,2026-01-29,Net 45,Januja Pradhan,Partially Delivered,DEP-02,PRJ-102
PO-40601,2025-11-09,PR-30707,V-1000,Havells India,Electrical,I-5007,Junction Box IP65,14,Nos,176.54,2471.59,INR,2025-11-26,Net 15,Hemal Chad,Closed,DEP-01,PRJ-101
PO-40602,2025-11-26,PR-30708,V-1045,HBL Power Systems,Batteries,I-5043,Lithium-ion Battery Pack 48V 100Ah,32,Nos,111316.45,3562126.43,INR,2025-12-05,Net 45,David Seshadri,Closed,DEP-05,PRJ-105
PO-40603,2025-10-26,PR-30709,V-1044,Okaya Power,Batteries,I-5048,Battery Monitoring System (BMS module),27,Nos,4026.2,108707.39,INR,2025-10-31,Net 15,Reva Viswanathan,Closed,DEP-04,PRJ-104
PO-40604,2025-11-06,PR-30710,V-1003,Anchor by Panasonic,Electrical,I-5000,Armoured Copper Cable 3.5C x 95 sqmm,28,Mtr,345.57,9675.9,INR,2025-11-20,Net 15,Hemal Chad,Closed,DEP-02,PRJ-102
PO-40605,2026-03-09,PR-30711,V-1045,HBL Power Systems,Batteries,I-5044,Inverter 2.5kVA Pure Sinewave,23,Nos,15443.92,355210.24,INR,2026-03-22,Net 45,David Seshadri,Closed,DEP-06,PRJ-106
PO-40606,2026-05-29,PR-30712,V-1021,ACC Limited,Road Construction Materials,I-5031,Geotextile Fabric (roll 100m2),18,Roll,4318.62,77735.09,INR,2026-06-16,Advance 20% + Net 30,Reva Viswanathan,Closed,DEP-05,PRJ-105
PO-40607,2025-11-11,PR-30713,V-1027,JSW Steel,Road Construction Materials,I-5026,Bitumen VG-30 (drum 180kg),34,Drum,9132.68,310511.24,INR,2025-12-02,Advance 20% + Net 30,Hemal Chad,Closed,DEP-04,PRJ-104
PO-40608,2025-10-27,PR-30714,V-1027,JSW Steel,Road Construction Materials,I-5031,Geotextile Fabric (roll 100m2),45,Roll,4202.77,189124.86,INR,2025-11-15,Advance 20% + Net 30,Balveer Kota,Closed,DEP-06,PRJ-106
PO-40609,2026-07-27,PR-30715,V-1043,Su-Kam Power Systems,Batteries,I-5048,Battery Monitoring System (BMS module),6,Nos,3877.76,23266.54,INR,2026-08-11,Net 15,Januja Pradhan,Closed,DEP-01,PRJ-101
PO-40610,2026-06-12,PR-30716,V-1025,Dalmia Bharat Cement,Road Construction Materials,I-5026,Bitumen VG-30 (drum 180kg),34,Drum,9981.74,339379.22,INR,2026-06-23,Net 60,Reva Viswanathan,Closed,DEP-02,PRJ-102
PO-40611,2026-04-09,PR-30717,V-1001,Polycab India,Electrical,I-5005,Modular Switch 6A,33,Nos,70.11,2313.66,INR,2026-04-29,Net 30,Hemal Chad,Open,DEP-03,PRJ-103
PO-40612,2025-11-18,PR-30718,V-1049,Exicom Power Solutions,Batteries,I-5045,VRLA SMF Battery 12V 100Ah,46,Nos,8754.75,402718.47,INR,2025-12-09,Net 30,Januja Pradhan,Partially Delivered,DEP-04,PRJ-104
PO-40613,2026-07-29,PR-30719,V-1009,Orient Electric,Electrical,I-5002,MCB 32A Single Pole,30,Nos,152.3,4568.95,INR,2026-08-07,Net 15,Reva Viswanathan,Closed,DEP-02,PRJ-102
PO-40614,2025-10-15,PR-30720,V-1051,Supreme Industries,Plumbing Materials,I-5050,UPVC Pipe 4 inch SCH-40 (3m length),36,Pcs,963.88,34699.67,INR,2025-10-31,Net 30,Reva Viswanathan,Closed,DEP-06,PRJ-106
PO-40615,2026-03-03,PR-30721,V-1039,Loom Solar,Solar Panels,I-5035,Module Mounting Structure (per kW),22,kW Set,4354.69,95803.13,INR,2026-03-12,Advance 20% + Net 30,Balveer Kota,Closed,DEP-04,PRJ-104
PO-40616,2026-08-10,PR-30722,V-1031,Waaree Energies,Solar Panels,I-5035,Module Mounting Structure (per kW),8,kW Set,4919.56,39356.52,INR,2026-08-21,Net 30,David Seshadri,Partially Delivered,DEP-06,PRJ-106
PO-40617,2026-01-23,PR-30724,V-1051,Supreme Industries,Plumbing Materials,I-5054,Water Tank 1000L HDPE,21,Nos,6484.07,136165.46,INR,2026-01-29,Net 30,Reva Viswanathan,Open,DEP-01,PRJ-101
PO-40618,2026-06-21,PR-30725,V-1021,ACC Limited,Road Construction Materials,I-5031,Geotextile Fabric (roll 100m2),6,Roll,4324.61,25947.66,INR,2026-06-27,Advance 20% + Net 30,David Seshadri,Closed,DEP-06,PRJ-106
PO-40619,2026-03-02,PR-30726,V-1036,Emmvee Solar,Solar Panels,I-5032,Solar Module 540Wp Mono PERC,29,Nos,11466.12,332517.41,INR,2026-03-05,Net 45,Hemal Chad,Closed,DEP-04,PRJ-104
PO-40620,2026-03-04,PR-30727,V-1024,JK Cement,Road Construction Materials,I-5026,Bitumen VG-30 (drum 180kg),9,Drum,8959.78,80637.98,INR,2026-03-13,Advance 20% + Net 30,Januja Pradhan,Closed,DEP-06,PRJ-106
PO-40621,2026-06-06,PR-30728,V-1021,ACC Limited,Road Construction Materials,I-5031,Geotextile Fabric (roll 100m2),12,Roll,4362.5,52349.96,INR,2026-06-19,Advance 20% + Net 30,Hemal Chad,Closed,DEP-01,PRJ-101
PO-40622,2026-02-18,PR-30729,V-1048,Base Corporation,Batteries,I-5044,Inverter 2.5kVA Pure Sinewave,17,Nos,15928.8,270789.53,INR,2026-03-10,Net 30,Reva Viswanathan,Closed,DEP-03,PRJ-103
PO-40623,2026-06-06,PR-30730,V-1004,V-Guard Industries,Electrical,I-5005,Modular Switch 6A,16,Nos,72.73,1163.69,INR,2026-06-27,Advance 20% + Net 30,Balveer Kota,Cancelled,DEP-03,PRJ-103
PO-40624,2026-01-06,PR-30731,V-1023,Shree Cement,Road Construction Materials,I-5022,OPC 53 Grade Cement (50kg bag),7,Bag,370.88,2596.14,INR,2026-01-16,Net 45,Hemal Chad,Closed,DEP-02,PRJ-102
PO-40625,2025-12-14,PR-30732,V-1036,Emmvee Solar,Solar Panels,I-5041,Solar Cable Gland Set,14,Set,134.1,1877.39,INR,2025-12-28,Net 45,Balveer Kota,Partially Delivered,DEP-04,PRJ-104
PO-40626,2026-05-04,PR-30733,V-1058,Kajaria Ceramics,Plumbing Materials,I-5058,Submersible Pump 1HP,44,Nos,9423.05,414614.13,INR,2026-05-21,Net 60,David Seshadri,Closed,DEP-01,PRJ-101
PO-40627,2026-01-25,PR-30735,V-1002,Finolex Cables,Electrical,I-5011,Cable Gland Brass 25mm,38,Nos,50.98,1937.41,INR,2026-02-03,Advance 20% + Net 30,Balveer Kota,Closed,DEP-03,PRJ-103
PO-40628,2026-07-14,PR-30737,V-1039,Loom Solar,Solar Panels,I-5033,Solar Module 550Wp Bifacial,17,Nos,13926.71,236754.07,INR,2026-07-22,Advance 20% + Net 30,Reva Viswanathan,Closed,DEP-03,PRJ-103
PO-40629,2026-03-30,PR-30738,V-1035,Premier Energies,Solar Panels,I-5038,Combiner Box 6 in 1 out,10,Nos,5873.16,58731.63,INR,2026-04-15,Net 15,Reva Viswanathan,Partially Delivered,DEP-05,PRJ-105
PO-40630,2026-06-01,PR-30739,V-1025,Dalmia Bharat Cement,Road Construction Materials,I-5023,TMT Steel Bar Fe500D 12mm,23,Ton,56000.44,1288010.1,INR,2026-06-09,Net 60,Januja Pradhan,Closed,DEP-03,PRJ-103
PO-40631,2026-07-26,PR-30740,V-1052,Finolex Pipes,Plumbing Materials,I-5053,Ball Valve 1 inch Brass,76,Nos,316.67,24067.17,INR,2026-08-09,Net 45,Reva Viswanathan,Closed,DEP-01,PRJ-101
PO-40632,2026-02-12,PR-30741,V-1051,Supreme Industries,Plumbing Materials,I-5051,CPVC Pipe 1 inch (3m length),35,Pcs,332.67,11643.56,INR,2026-02-21,Net 30,Januja Pradhan,Closed,DEP-01,PRJ-101
PO-40633,2026-02-25,PR-30742,V-1036,Emmvee Solar,Solar Panels,I-5033,Solar Module 550Wp Bifacial,26,Nos,12811.97,333111.26,INR,2026-03-11,Net 45,Reva Viswanathan,Closed,DEP-01,PRJ-101
PO-40634,2026-02-16,PR-30743,V-1003,Anchor by Panasonic,Electrical,I-5010,MCCB 200A,18,Nos,8112.33,146021.86,INR,2026-03-01,Net 15,Hemal Chad,Closed,DEP-05,PRJ-105
PO-40635,2026-05-09,PR-30744,V-1000,Havells India,Electrical,I-5008,Earthing Strip GI 25x3mm,11,Mtr,102.67,1129.4,INR,2026-05-13,Net 15,David Seshadri,Closed,DEP-04,PRJ-104
PO-40636,2026-02-09,PR-30745,V-1038,Websol Energy System,Solar Panels,I-5032,Solar Module 540Wp Mono PERC,35,Nos,12695.5,444342.65,INR,2026-02-17,Net 45,David Seshadri,Closed,DEP-01,PRJ-101
PO-40637,2026-06-22,PR-30746,V-1011,Greenply Industries,Carpentry,I-5015,Hinges SS 4 inch,41,Pair,91.99,3771.76,INR,2026-06-25,Net 60,Balveer Kota,Partially Delivered,DEP-06,PRJ-106
PO-40638,2026-01-17,PR-30747,V-1034,Goldi Solar,Solar Panels,I-5041,Solar Cable Gland Set,14,Set,131.15,1836.15,INR,2026-01-20,Advance 20% + Net 30,Reva Viswanathan,Closed,DEP-02,PRJ-102
PO-40639,2025-09-24,PR-30748,V-1031,Waaree Energies,Solar Panels,I-5038,Combiner Box 6 in 1 out,14,Nos,5349.57,74894.0,INR,2025-10-02,Net 30,Reva Viswanathan,Partially Delivered,DEP-01,PRJ-101
PO-40640,2026-01-26,PR-30749,V-1023,Shree Cement,Road Construction Materials,I-5030,Kerb Stone Precast,36,Nos,190.55,6859.75,INR,2026-02-15,Net 45,Hemal Chad,Partially Delivered,DEP-06,PRJ-106
PO-40641,2026-01-06,PR-30750,V-1010,Century Plyboards,Carpentry,I-5013,Laminate Sheet 1mm (8x4 ft),17,Sheet,1168.93,19871.78,INR,2026-01-15,Net 45,Balveer Kota,Open,DEP-04,PRJ-104
PO-40642,2026-03-22,PR-30751,V-1013,Archidply Industries,Carpentry,I-5012,Plywood 19mm BWP (8x4 ft),47,Sheet,3175.15,149232.0,INR,2026-04-08,Advance 20% + Net 30,Reva Viswanathan,Closed,DEP-04,PRJ-104
PO-40643,2025-10-06,PR-30752,V-1005,Crompton Greaves Consumer,Electrical,I-5010,MCCB 200A,31,Nos,7196.3,223085.31,INR,2025-10-10,Advance 20% + Net 30,David Seshadri,Closed,DEP-03,PRJ-103
PO-40644,2026-06-20,PR-30753,V-1046,Livguard Energy,Batteries,I-5042,Tubular Battery 150Ah C10,22,Nos,15029.43,330647.49,INR,2026-07-05,Net 15,Hemal Chad,Closed,DEP-01,PRJ-101
PO-40645,2026-01-13,PR-30755,V-1047,Panasonic Energy India,Batteries,I-5048,Battery Monitoring System (BMS module),24,Nos,3713.45,89122.69,INR,2026-02-02,Net 15,Reva Viswanathan,Partially Delivered,DEP-06,PRJ-106
PO-40646,2026-05-02,PR-30756,V-1023,Shree Cement,Road Construction Materials,I-5028,PQC Dowel Bar 32mm,25,Ton,61764.13,1544103.34,INR,2026-05-11,Net 45,Januja Pradhan,Closed,DEP-04,PRJ-104
PO-40647,2026-08-05,PR-30757,V-1023,Shree Cement,Road Construction Materials,I-5030,Kerb Stone Precast,56,Nos,203.09,11373.17,INR,2026-08-18,Net 45,Hemal Chad,Closed,DEP-02,PRJ-102
PO-40648,2026-01-22,PR-30758,V-1023,Shree Cement,Road Construction Materials,I-5024,Crushed Stone Aggregate 20mm,18,Ton,790.8,14234.45,INR,2026-02-07,Net 45,Hemal Chad,Closed,DEP-02,PRJ-102
PO-40649,2025-10-07,PR-30759,V-1055,CERA Sanitaryware,Plumbing Materials,I-5051,CPVC Pipe 1 inch (3m length),12,Pcs,328.91,3946.92,INR,2025-10-16,Net 30,Hemal Chad,Open,DEP-06,PRJ-106
PO-40650,2026-01-29,PR-30760,V-1021,ACC Limited,Road Construction Materials,I-5024,Crushed Stone Aggregate 20mm,34,Ton,746.13,25368.42,INR,2026-02-14,Advance 20% + Net 30,Januja Pradhan,Closed,DEP-04,PRJ-104
PO-40651,2025-11-10,PR-30761,V-1005,Crompton Greaves Consumer,Electrical,I-5000,Armoured Copper Cable 3.5C x 95 sqmm,41,Mtr,372.35,15266.33,INR,2025-12-01,Advance 20% + Net 30,Reva Viswanathan,Closed,DEP-04,PRJ-104
PO-40652,2026-02-07,PR-30762,V-1005,Crompton Greaves Consumer,Electrical,I-5009,Contactor 40A 3 Pole,34,Nos,1327.01,45118.42,INR,2026-02-12,Advance 20% + Net 30,Reva Viswanathan,Closed,DEP-01,PRJ-101
PO-40653,2026-02-07,PR-30764,V-1007,Schneider Electric India,Electrical,I-5003,Distribution Board 8-Way,9,Nos,1235.49,11119.42,INR,2026-02-20,Net 30,Hemal Chad,Closed,DEP-02,PRJ-102
PO-40654,2026-03-21,PR-30765,V-1058,Kajaria Ceramics,Plumbing Materials,I-5056,Concealed Cistern with Frame,32,Set,7863.13,251620.12,INR,2026-04-06,Net 60,Hemal Chad,Open,DEP-02,PRJ-102
PO-40655,2026-03-12,PR-30767,V-1010,Century Plyboards,Carpentry,I-5014,MDF Board 12mm (8x4 ft),30,Sheet,1668.18,50045.35,INR,2026-03-25,Net 45,Januja Pradhan,Partially Delivered,DEP-01,PRJ-101
PO-40656,2026-04-14,PR-30769,V-1058,Kajaria Ceramics,Plumbing Materials,I-5050,UPVC Pipe 4 inch SCH-40 (3m length),4,Pcs,1085.32,4341.29,INR,2026-05-02,Net 60,Reva Viswanathan,Partially Delivered,DEP-06,PRJ-106
PO-40657,2025-12-13,PR-30770,V-1001,Polycab India,Electrical,I-5002,MCB 32A Single Pole,22,Nos,134.38,2956.26,INR,2025-12-21,Net 30,Hemal Chad,Partially Delivered,DEP-05,PRJ-105
PO-40658,2026-01-04,PR-30771,V-1021,ACC Limited,Road Construction Materials,I-5027,Ready Mix Concrete M25,18,Cum,5364.31,96557.66,INR,2026-01-18,Advance 20% + Net 30,David Seshadri,Partially Delivered,DEP-02,PRJ-102
PO-40659,2026-04-22,PR-30772,V-1035,Premier Energies,Solar Panels,I-5037,MC4 Connector Pair,31,Pair,95.67,2965.85,INR,2026-05-01,Net 15,Hemal Chad,Closed,DEP-01,PRJ-101
PO-40660,2026-04-21,PR-30773,V-1055,CERA Sanitaryware,Plumbing Materials,I-5057,Bathroom Faucet Single Lever,16,Nos,1883.2,30131.15,INR,2026-04-28,Net 30,David Seshadri,Closed,DEP-04,PRJ-104
PO-40661,2026-01-20,PR-30774,V-1028,Birla Corporation,Road Construction Materials,I-5024,Crushed Stone Aggregate 20mm,25,Ton,818.43,20460.85,INR,2026-01-30,Net 60,Januja Pradhan,Closed,DEP-01,PRJ-101
PO-40662,2026-05-07,PR-30775,V-1006,Legrand India,Electrical,I-5005,Modular Switch 6A,32,Nos,70.56,2257.96,INR,2026-05-10,Net 45,Hemal Chad,Cancelled,DEP-01,PRJ-101
PO-40663,2026-04-11,PR-30776,V-1032,Adani Solar,Solar Panels,I-5041,Solar Cable Gland Set,30,Set,145.27,4358.03,INR,2026-05-02,Net 60,David Seshadri,Cancelled,DEP-03,PRJ-103
PO-40664,2026-01-24,PR-30778,V-1035,Premier Energies,Solar Panels,I-5039,Earthing Kit for Module Structure,25,Set,833.64,20840.97,INR,2026-02-03,Net 15,Januja Pradhan,Open,DEP-03,PRJ-103
PO-40665,2026-07-23,PR-30779,V-1027,JSW Steel,Road Construction Materials,I-5024,Crushed Stone Aggregate 20mm,26,Ton,798.16,20752.21,INR,2026-08-01,Advance 20% + Net 30,Balveer Kota,Open,DEP-01,PRJ-101
PO-40666,2026-05-10,PR-30780,V-1029,L&T Construction Materials,Road Construction Materials,I-5031,Geotextile Fabric (roll 100m2),16,Roll,4885.32,78165.04,INR,2026-05-19,Net 30,Hemal Chad,Partially Delivered,DEP-03,PRJ-103
PO-40667,2026-02-06,PR-30781,V-1026,Tata Steel,Road Construction Materials,I-5022,OPC 53 Grade Cement (50kg bag),14,Bag,364.76,5106.64,INR,2026-02-20,Net 60,Hemal Chad,Closed,DEP-04,PRJ-104
PO-40668,2026-07-09,PR-30782,V-1025,Dalmia Bharat Cement,Road Construction Materials,I-5025,River Sand (fine aggregate),29,Ton,1333.85,38681.64,INR,2026-07-27,Net 60,Balveer Kota,Closed,DEP-03,PRJ-103
PO-40669,2026-08-01,PR-30783,V-1022,Ambuja Cements,Road Construction Materials,I-5022,OPC 53 Grade Cement (50kg bag),14,Bag,353.72,4952.1,INR,2026-08-06,Net 15,Hemal Chad,Partially Delivered,DEP-02,PRJ-102
PO-40670,2026-05-15,PR-30784,V-1028,Birla Corporation,Road Construction Materials,I-5023,TMT Steel Bar Fe500D 12mm,58,Ton,60719.57,3521735.11,INR,2026-05-24,Net 60,David Seshadri,Closed,DEP-01,PRJ-101
PO-40671,2025-12-27,PR-30785,V-1002,Finolex Cables,Electrical,I-5011,Cable Gland Brass 25mm,33,Nos,52.72,1739.77,INR,2026-01-09,Advance 20% + Net 30,Reva Viswanathan,Closed,DEP-01,PRJ-101
PO-40672,2026-07-02,PR-30786,V-1009,Orient Electric,Electrical,I-5003,Distribution Board 8-Way,29,Nos,1418.02,41122.52,INR,2026-07-21,Net 15,Hemal Chad,Partially Delivered,DEP-05,PRJ-105
PO-40673,2025-11-07,PR-30787,V-1056,Jaquar Group,Plumbing Materials,I-5056,Concealed Cistern with Frame,43,Set,7374.82,317117.43,INR,2025-11-15,Net 15,Reva Viswanathan,Closed,DEP-03,PRJ-103
PO-40674,2026-07-03,PR-30788,V-1044,Okaya Power,Batteries,I-5045,VRLA SMF Battery 12V 100Ah,21,Nos,9762.38,205010.05,INR,2026-07-22,Net 15,David Seshadri,Closed,DEP-03,PRJ-103
PO-40675,2025-10-15,PR-30790,V-1040,Exide Industries,Batteries,I-5045,VRLA SMF Battery 12V 100Ah,26,Nos,8295.73,215688.97,INR,2025-10-18,Net 45,Reva Viswanathan,Closed,DEP-03,PRJ-103
PO-40676,2025-10-10,PR-30791,V-1044,Okaya Power,Batteries,I-5047,Battery Interconnect Cable Set,39,Set,619.24,24150.45,INR,2025-10-21,Net 15,Hemal Chad,Closed,DEP-04,PRJ-104
PO-40677,2026-04-28,PR-30792,V-1001,Polycab India,Electrical,I-5003,Distribution Board 8-Way,23,Nos,1276.13,29351.09,INR,2026-05-07,Net 30,Reva Viswanathan,Closed,DEP-01,PRJ-101
PO-40678,2026-01-29,PR-30793,V-1033,Vikram Solar,Solar Panels,I-5036,DC Cable 4 sqmm Solar Grade (100m),33,Coil,2878.84,95001.77,INR,2026-02-15,Advance 20% + Net 30,David Seshadri,Partially Delivered,DEP-01,PRJ-101
PO-40679,2026-02-16,PR-30794,V-1045,HBL Power Systems,Batteries,I-5044,Inverter 2.5kVA Pure Sinewave,24,Nos,15223.89,365373.32,INR,2026-02-23,Net 45,Reva Viswanathan,Partially Delivered,DEP-03,PRJ-103
PO-40680,2026-07-09,PR-30795,V-1053,Prince Pipes,Plumbing Materials,I-5052,PVC Elbow 4 inch,16,Nos,94.6,1513.59,INR,2026-07-14,Net 15,David Seshadri,Partially Delivered,DEP-05,PRJ-105
PO-40681,2026-02-22,PR-30796,V-1056,Jaquar Group,Plumbing Materials,I-5053,Ball Valve 1 inch Brass,11,Nos,295.65,3252.18,INR,2026-03-09,Net 15,Balveer Kota,Closed,DEP-06,PRJ-106
PO-40682,2025-09-02,PR-30797,V-1054,Ashirvad Pipes (Aliaxis),Plumbing Materials,I-5053,Ball Valve 1 inch Brass,5,Nos,264.09,1320.45,INR,2025-09-17,Net 15,Hemal Chad,Closed,DEP-06,PRJ-106
PO-40683,2025-10-08,PR-30798,V-1010,Century Plyboards,Carpentry,I-5013,Laminate Sheet 1mm (8x4 ft),17,Sheet,1106.94,18817.9,INR,2025-10-20,Net 45,Balveer Kota,Closed,DEP-02,PRJ-102
PO-40684,2026-05-18,PR-30799,V-1031,Waaree Energies,Solar Panels,I-5032,Solar Module 540Wp Mono PERC,15,Nos,13066.17,195992.52,INR,2026-06-08,Net 30,Balveer Kota,Closed,DEP-01,PRJ-101
PO-40685,2025-10-19,PR-30800,V-1025,Dalmia Bharat Cement,Road Construction Materials,I-5030,Kerb Stone Precast,17,Nos,187.16,3181.71,INR,2025-11-06,Net 60,Balveer Kota,Closed,DEP-01,PRJ-101
PO-40686,2025-09-18,PR-30801,V-1006,Legrand India,Electrical,I-5010,MCCB 200A,15,Nos,6966.3,104494.52,INR,2025-09-22,Net 45,David Seshadri,Closed,DEP-06,PRJ-106
PO-40687,2025-11-23,PR-30802,V-1022,Ambuja Cements,Road Construction Materials,I-5023,TMT Steel Bar Fe500D 12mm,13,Ton,58240.27,757123.55,INR,2025-11-27,Net 15,Hemal Chad,Closed,DEP-05,PRJ-105
PO-40688,2025-09-16,PR-30804,V-1027,JSW Steel,Road Construction Materials,I-5028,PQC Dowel Bar 32mm,10,Ton,54214.99,542149.93,INR,2025-09-27,Advance 20% + Net 30,Reva Viswanathan,Closed,DEP-04,PRJ-104
PO-40689,2025-11-03,PR-30805,V-1058,Kajaria Ceramics,Plumbing Materials,I-5052,PVC Elbow 4 inch,12,Nos,79.9,958.85,INR,2025-11-23,Net 60,David Seshadri,Closed,DEP-02,PRJ-102
PO-40690,2026-03-21,PR-30806,V-1004,V-Guard Industries,Electrical,I-5002,MCB 32A Single Pole,13,Nos,143.05,1859.71,INR,2026-04-09,Advance 20% + Net 30,Hemal Chad,Closed,DEP-02,PRJ-102
PO-40691,2025-11-29,PR-30807,V-1022,Ambuja Cements,Road Construction Materials,I-5023,TMT Steel Bar Fe500D 12mm,28,Ton,53344.47,1493645.26,INR,2025-12-06,Net 15,David Seshadri,Partially Delivered,DEP-04,PRJ-104
PO-40692,2025-12-13,PR-30808,V-1043,Su-Kam Power Systems,Batteries,I-5042,Tubular Battery 150Ah C10,4,Nos,13975.37,55901.47,INR,2025-12-31,Net 15,Januja Pradhan,Closed,DEP-03,PRJ-103
PO-40693,2026-07-07,PR-30809,V-1040,Exide Industries,Batteries,I-5048,Battery Monitoring System (BMS module),52,Nos,4302.29,223719.33,INR,2026-07-18,Net 45,Reva Viswanathan,Closed,DEP-04,PRJ-104
PO-40694,2026-05-25,PR-30810,V-1049,Exicom Power Solutions,Batteries,I-5049,Deep Cycle Battery 200Ah,19,Nos,21367.54,405983.2,INR,2026-06-15,Net 30,Balveer Kota,Closed,DEP-03,PRJ-103
PO-40695,2026-01-29,PR-30811,V-1039,Loom Solar,Solar Panels,I-5036,DC Cable 4 sqmm Solar Grade (100m),15,Coil,3140.61,47109.17,INR,2026-02-12,Advance 20% + Net 30,Hemal Chad,Cancelled,DEP-03,PRJ-103
PO-40696,2026-01-26,PR-30812,V-1032,Adani Solar,Solar Panels,I-5038,Combiner Box 6 in 1 out,4,Nos,6365.42,25461.69,INR,2026-02-04,Net 60,Balveer Kota,Closed,DEP-03,PRJ-103
PO-40697,2026-07-27,PR-30813,V-1047,Panasonic Energy India,Batteries,I-5046,Battery Rack 4-Tier MS,17,Nos,3208.43,54543.3,INR,2026-08-06,Net 15,Balveer Kota,Closed,DEP-01,PRJ-101
PO-40698,2026-03-25,PR-30814,V-1058,Kajaria Ceramics,Plumbing Materials,I-5058,Submersible Pump 1HP,6,Nos,8616.41,51698.44,INR,2026-04-05,Net 60,Reva Viswanathan,Closed,DEP-01,PRJ-101
PO-40699,2025-11-02,PR-30815,V-1021,ACC Limited,Road Construction Materials,I-5027,Ready Mix Concrete M25,8,Cum,5252.74,42021.94,INR,2025-11-08,Advance 20% + Net 30,Balveer Kota,Closed,DEP-04,PRJ-104
PO-40700,2026-07-17,PR-30817,V-1012,Kitply Industries,Carpentry,I-5015,Hinges SS 4 inch,26,Pair,93.22,2423.72,INR,2026-08-06,Net 15,Hemal Chad,Closed,DEP-04,PRJ-104
PO-40701,2026-07-16,PR-30818,V-1007,Schneider Electric India,Electrical,I-5011,Cable Gland Brass 25mm,23,Nos,58.35,1341.94,INR,2026-07-24,Net 30,Hemal Chad,Partially Delivered,DEP-02,PRJ-102
PO-40702,2026-03-20,PR-30819,V-1058,Kajaria Ceramics,Plumbing Materials,I-5059,Pipe Clamp GI 4 inch,27,Nos,61.19,1652.16,INR,2026-04-02,Net 60,Januja Pradhan,Closed,DEP-06,PRJ-106
PO-40703,2025-11-29,PR-30820,V-1044,Okaya Power,Batteries,I-5048,Battery Monitoring System (BMS module),31,Nos,3696.2,114582.34,INR,2025-12-14,Net 15,Reva Viswanathan,Closed,DEP-05,PRJ-105
PO-40704,2026-06-26,PR-30821,V-1046,Livguard Energy,Batteries,I-5048,Battery Monitoring System (BMS module),25,Nos,4073.49,101837.22,INR,2026-07-12,Net 15,Hemal Chad,Closed,DEP-06,PRJ-106
PO-40705,2026-06-01,PR-30822,V-1032,Adani Solar,Solar Panels,I-5041,Solar Cable Gland Set,27,Set,136.91,3696.48,INR,2026-06-21,Net 60,David Seshadri,Closed,DEP-05,PRJ-105
PO-40706,2025-11-26,PR-30823,V-1012,Kitply Industries,Carpentry,I-5016,Drawer Channel 18 inch Telescopic,34,Pair,375.27,12759.29,INR,2025-12-16,Net 15,Reva Viswanathan,Closed,DEP-02,PRJ-102
PO-40707,2026-06-07,PR-30824,V-1018,Ebco Private Ltd,Carpentry,I-5014,MDF Board 12mm (8x4 ft),13,Sheet,1616.57,21015.44,INR,2026-06-17,Net 45,Balveer Kota,Open,DEP-01,PRJ-101
PO-40708,2025-09-30,PR-30825,V-1029,L&T Construction Materials,Road Construction Materials,I-5024,Crushed Stone Aggregate 20mm,49,Ton,790.71,38745.03,INR,2025-10-17,Net 30,Hemal Chad,Closed,DEP-01,PRJ-101
PO-40709,2026-04-29,PR-30826,V-1006,Legrand India,Electrical,I-5004,LED Flood Light 100W,14,Nos,1883.03,26362.38,INR,2026-05-16,Net 45,Januja Pradhan,Cancelled,DEP-04,PRJ-104
PO-40710,2025-12-16,PR-30828,V-1006,Legrand India,Electrical,I-5000,Armoured Copper Cable 3.5C x 95 sqmm,17,Mtr,384.21,6531.49,INR,2025-12-31,Net 45,David Seshadri,Closed,DEP-04,PRJ-104
PO-40711,2026-08-01,PR-30829,V-1054,Ashirvad Pipes (Aliaxis),Plumbing Materials,I-5052,PVC Elbow 4 inch,71,Nos,107.98,7666.71,INR,2026-08-16,Net 15,Reva Viswanathan,Closed,DEP-04,PRJ-104
PO-40712,2026-02-05,PR-30830,V-1051,Supreme Industries,Plumbing Materials,I-5051,CPVC Pipe 1 inch (3m length),123,Pcs,366.74,45109.24,INR,2026-02-17,Net 30,Januja Pradhan,Closed,DEP-02,PRJ-102
PO-40713,2025-11-19,PR-30831,V-1008,KEI Industries,Electrical,I-5001,PVC Insulated Wire 2.5 sqmm (90m coil),41,Coil,1389.16,56955.42,INR,2025-11-22,Net 30,Balveer Kota,Closed,DEP-05,PRJ-105
PO-40714,2026-05-13,PR-30832,V-1039,Loom Solar,Solar Panels,I-5039,Earthing Kit for Module Structure,15,Set,864.86,12972.85,INR,2026-05-18,Advance 20% + Net 30,Hemal Chad,Cancelled,DEP-05,PRJ-105
PO-40715,2026-07-24,PR-30833,V-1024,JK Cement,Road Construction Materials,I-5029,Wire Mesh Fabric 6mm@150c/c,25,Ton,57693.33,1442333.17,INR,2026-08-03,Advance 20% + Net 30,Balveer Kota,Closed,DEP-04,PRJ-104
PO-40716,2026-01-10,PR-30834,V-1027,JSW Steel,Road Construction Materials,I-5031,Geotextile Fabric (roll 100m2),9,Roll,4276.06,38484.58,INR,2026-01-20,Advance 20% + Net 30,Hemal Chad,Closed,DEP-02,PRJ-102
PO-40717,2026-06-29,PR-30835,V-1048,Base Corporation,Batteries,I-5046,Battery Rack 4-Tier MS,25,Nos,3398.74,84968.38,INR,2026-07-20,Net 30,Balveer Kota,Closed,DEP-03,PRJ-103
PO-40718,2025-10-27,PR-30837,V-1022,Ambuja Cements,Road Construction Materials,I-5026,Bitumen VG-30 (drum 180kg),14,Drum,8746.01,122444.2,INR,2025-11-16,Net 15,Reva Viswanathan,Closed,DEP-05,PRJ-105
PO-40719,2026-02-12,PR-30838,V-1050,Astral Pipes,Plumbing Materials,I-5051,CPVC Pipe 1 inch (3m length),43,Pcs,347.46,14940.6,INR,2026-02-26,Net 60,Hemal Chad,Closed,DEP-04,PRJ-104
PO-40720,2025-11-25,PR-30839,V-1011,Greenply Industries,Carpentry,I-5021,Adhesive Fevicol SH (5kg),28,Can,960.99,26907.79,INR,2025-12-02,Net 60,Reva Viswanathan,Closed,DEP-02,PRJ-102
PO-40721,2026-03-13,PR-30840,V-1000,Havells India,Electrical,I-5004,LED Flood Light 100W,36,Nos,1837.17,66138.05,INR,2026-03-25,Net 15,David Seshadri,Closed,DEP-02,PRJ-102
PO-40722,2025-10-27,PR-30841,V-1044,Okaya Power,Batteries,I-5049,Deep Cycle Battery 200Ah,11,Nos,20303.22,223335.46,INR,2025-11-01,Net 15,Balveer Kota,Closed,DEP-04,PRJ-104
PO-40723,2025-11-28,PR-30842,V-1006,Legrand India,Electrical,I-5005,Modular Switch 6A,11,Nos,55.41,609.55,INR,2025-12-08,Net 45,Balveer Kota,Open,DEP-03,PRJ-103
PO-40724,2026-02-12,PR-30844,V-1018,Ebco Private Ltd,Carpentry,I-5017,Door Lock Mortise Set,14,Set,948.63,13280.86,INR,2026-02-24,Net 45,Hemal Chad,Partially Delivered,DEP-01,PRJ-101
PO-40725,2026-04-11,PR-30845,V-1022,Ambuja Cements,Road Construction Materials,I-5027,Ready Mix Concrete M25,1,Cum,5604.14,5604.14,INR,2026-04-27,Net 15,Balveer Kota,Closed,DEP-03,PRJ-103
PO-40726,2025-09-08,PR-30846,V-1011,Greenply Industries,Carpentry,I-5012,Plywood 19mm BWP (8x4 ft),35,Sheet,2859.79,100092.81,INR,2025-09-27,Net 60,Hemal Chad,Closed,DEP-06,PRJ-106
PO-40727,2026-07-15,PR-30847,V-1059,Roto Pumps,Plumbing Materials,I-5059,Pipe Clamp GI 4 inch,52,Nos,72.51,3770.67,INR,2026-07-27,Advance 20% + Net 30,Reva Viswanathan,Closed,DEP-05,PRJ-105
PO-40728,2025-12-24,PR-30850,V-1034,Goldi Solar,Solar Panels,I-5032,Solar Module 540Wp Mono PERC,11,Nos,12205.93,134265.22,INR,2026-01-13,Advance 20% + Net 30,David Seshadri,Partially Delivered,DEP-01,PRJ-101
PO-40729,2025-12-14,PR-30851,V-1000,Havells India,Electrical,I-5010,MCCB 200A,5,Nos,7851.83,39259.14,INR,2025-12-21,Net 15,Balveer Kota,Partially Delivered,DEP-03,PRJ-103
PO-40730,2026-02-08,PR-30852,V-1020,UltraTech Cement,Road Construction Materials,I-5026,Bitumen VG-30 (drum 180kg),6,Drum,9573.96,57443.78,INR,2026-02-13,Net 30,Balveer Kota,Open,DEP-02,PRJ-102
PO-40731,2026-05-06,PR-30853,V-1026,Tata Steel,Road Construction Materials,I-5023,TMT Steel Bar Fe500D 12mm,42,Ton,57922.05,2432726.18,INR,2026-05-26,Net 60,David Seshadri,Partially Delivered,DEP-05,PRJ-105
PO-40732,2025-09-17,PR-30854,V-1056,Jaquar Group,Plumbing Materials,I-5055,Sanitaryware Wash Basin,33,Nos,2052.62,67736.6,INR,2025-09-25,Net 15,Reva Viswanathan,Closed,DEP-04,PRJ-104
PO-40733,2026-06-14,PR-30855,V-1013,Archidply Industries,Carpentry,I-5019,Veneer Sheet Teak (8x4 ft),11,Sheet,4029.83,44328.14,INR,2026-07-05,Advance 20% + Net 30,Balveer Kota,Closed,DEP-06,PRJ-106
PO-40734,2026-07-06,PR-30856,V-1008,KEI Industries,Electrical,I-5001,PVC Insulated Wire 2.5 sqmm (90m coil),28,Coil,1819.41,50943.45,INR,2026-07-12,Net 30,David Seshadri,Closed,DEP-04,PRJ-104
PO-40735,2025-11-13,PR-30857,V-1006,Legrand India,Electrical,I-5004,LED Flood Light 100W,47,Nos,1584.78,74484.85,INR,2025-12-02,Net 45,Reva Viswanathan,Closed,DEP-01,PRJ-101
PO-40736,2026-05-28,PR-30858,V-1005,Crompton Greaves Consumer,Electrical,I-5002,MCB 32A Single Pole,61,Nos,160.98,9819.61,INR,2026-06-03,Advance 20% + Net 30,Hemal Chad,Closed,DEP-06,PRJ-106
PO-40737,2026-06-11,PR-30859,V-1046,Livguard Energy,Batteries,I-5046,Battery Rack 4-Tier MS,26,Nos,3236.13,84139.42,INR,2026-06-24,Net 15,David Seshadri,Closed,DEP-01,PRJ-101
PO-40738,2026-01-16,PR-30860,V-1022,Ambuja Cements,Road Construction Materials,I-5023,TMT Steel Bar Fe500D 12mm,27,Ton,53780.45,1452072.28,INR,2026-02-06,Net 15,David Seshadri,Open,DEP-03,PRJ-103
PO-40739,2025-09-09,PR-30861,V-1033,Vikram Solar,Solar Panels,I-5038,Combiner Box 6 in 1 out,30,Nos,5906.02,177180.54,INR,2025-09-29,Advance 20% + Net 30,Reva Viswanathan,Closed,DEP-06,PRJ-106
PO-40740,2026-06-25,PR-30862,V-1054,Ashirvad Pipes (Aliaxis),Plumbing Materials,I-5056,Concealed Cistern with Frame,36,Set,8924.65,321287.29,INR,2026-07-13,Net 15,David Seshadri,Closed,DEP-04,PRJ-104
PO-40741,2025-11-13,PR-30863,V-1036,Emmvee Solar,Solar Panels,I-5035,Module Mounting Structure (per kW),8,kW Set,4071.29,32570.33,INR,2025-11-22,Net 45,David Seshadri,Closed,DEP-06,PRJ-106
PO-40742,2025-11-16,PR-30864,V-1026,Tata Steel,Road Construction Materials,I-5029,Wire Mesh Fabric 6mm@150c/c,15,Ton,51646.37,774695.49,INR,2025-12-05,Net 60,Reva Viswanathan,Closed,DEP-01,PRJ-101
PO-40743,2025-10-06,PR-30866,V-1024,JK Cement,Road Construction Materials,I-5024,Crushed Stone Aggregate 20mm,29,Ton,721.18,20914.33,INR,2025-10-18,Advance 20% + Net 30,Reva Viswanathan,Closed,DEP-01,PRJ-101
PO-40744,2025-09-14,PR-30868,V-1022,Ambuja Cements,Road Construction Materials,I-5024,Crushed Stone Aggregate 20mm,16,Ton,756.71,12107.37,INR,2025-09-25,Net 15,Januja Pradhan,Open,DEP-02,PRJ-102
PO-40745,2026-01-08,PR-30869,V-1009,Orient Electric,Electrical,I-5001,PVC Insulated Wire 2.5 sqmm (90m coil),14,Coil,1622.96,22721.48,INR,2026-01-27,Net 15,Reva Viswanathan,Partially Delivered,DEP-01,PRJ-101
PO-40746,2025-11-01,PR-30870,V-1029,L&T Construction Materials,Road Construction Materials,I-5024,Crushed Stone Aggregate 20mm,17,Ton,801.53,13626.07,INR,2025-11-16,Net 30,Januja Pradhan,Closed,DEP-01,PRJ-101
PO-40747,2026-05-05,PR-30871,V-1041,Amara Raja Batteries (Amaron),Batteries,I-5047,Battery Interconnect Cable Set,17,Set,586.81,9975.83,INR,2026-05-26,Net 30,Hemal Chad,Partially Delivered,DEP-01,PRJ-101
PO-40748,2025-11-02,PR-30872,V-1053,Prince Pipes,Plumbing Materials,I-5056,Concealed Cistern with Frame,27,Set,7044.3,190196.07,INR,2025-11-08,Net 15,Balveer Kota,Closed,DEP-01,PRJ-101
PO-40749,2026-01-21,PR-30873,V-1007,Schneider Electric India,Electrical,I-5011,Cable Gland Brass 25mm,4,Nos,54.06,216.25,INR,2026-02-06,Net 30,David Seshadri,Partially Delivered,DEP-02,PRJ-102
PO-40750,2025-09-20,PR-30874,V-1042,Luminous Power Technologies,Batteries,I-5044,Inverter 2.5kVA Pure Sinewave,6,Nos,14290.08,85740.46,INR,2025-09-30,Advance 20% + Net 30,Hemal Chad,Open,DEP-03,PRJ-103
PO-40751,2025-11-19,PR-30876,V-1040,Exide Industries,Batteries,I-5048,Battery Monitoring System (BMS module),39,Nos,3655.13,142550.02,INR,2025-11-27,Net 45,Reva Viswanathan,Closed,DEP-03,PRJ-103
PO-40752,2026-01-20,PR-30877,V-1039,Loom Solar,Solar Panels,I-5034,String Inverter 50kW,15,Nos,379974.63,5699619.45,INR,2026-02-02,Advance 20% + Net 30,Hemal Chad,Partially Delivered,DEP-02,PRJ-102
PO-40753,2025-12-11,PR-30878,V-1031,Waaree Energies,Solar Panels,I-5032,Solar Module 540Wp Mono PERC,23,Nos,12323.38,283437.84,INR,2025-12-15,Net 30,Januja Pradhan,Closed,DEP-03,PRJ-103
PO-40754,2026-05-26,PR-30879,V-1048,Base Corporation,Batteries,I-5042,Tubular Battery 150Ah C10,20,Nos,14824.44,296488.84,INR,2026-06-15,Net 30,Hemal Chad,Partially Delivered,DEP-06,PRJ-106
PO-40755,2025-12-16,PR-30880,V-1009,Orient Electric,Electrical,I-5007,Junction Box IP65,45,Nos,189.83,8542.37,INR,2025-12-21,Net 15,Januja Pradhan,Closed,DEP-02,PRJ-102
PO-40756,2025-09-15,PR-30881,V-1002,Finolex Cables,Electrical,I-5000,Armoured Copper Cable 3.5C x 95 sqmm,49,Mtr,327.28,16036.55,INR,2025-09-20,Advance 20% + Net 30,Hemal Chad,Closed,DEP-01,PRJ-101
PO-40757,2025-11-21,PR-30882,V-1044,Okaya Power,Batteries,I-5042,Tubular Battery 150Ah C10,17,Nos,13487.98,229295.67,INR,2025-11-29,Net 15,Hemal Chad,Closed,DEP-01,PRJ-101
PO-40758,2026-05-16,PR-30883,V-1007,Schneider Electric India,Electrical,I-5004,LED Flood Light 100W,23,Nos,1928.98,44366.64,INR,2026-05-20,Net 30,David Seshadri,Closed,DEP-02,PRJ-102
PO-40759,2025-11-18,PR-30884,V-1038,Websol Energy System,Solar Panels,I-5040,Anti-Reflective Glass Panel (spare),31,Nos,2910.47,90224.47,INR,2025-12-01,Net 45,David Seshadri,Closed,DEP-06,PRJ-106
PO-40760,2026-04-02,PR-30885,V-1035,Premier Energies,Solar Panels,I-5032,Solar Module 540Wp Mono PERC,23,Nos,12367.49,284452.19,INR,2026-04-21,Net 15,David Seshadri,Closed,DEP-01,PRJ-101
PO-40761,2025-09-09,PR-30886,V-1057,Hindware Homes,Plumbing Materials,I-5058,Submersible Pump 1HP,48,Nos,7062.38,338994.01,INR,2025-09-19,Net 45,Reva Viswanathan,Closed,DEP-01,PRJ-101
PO-40762,2026-03-29,PR-30887,V-1004,V-Guard Industries,Electrical,I-5011,Cable Gland Brass 25mm,30,Nos,55.17,1655.05,INR,2026-04-10,Advance 20% + Net 30,Hemal Chad,Closed,DEP-06,PRJ-106
PO-40763,2026-01-10,PR-30888,V-1016,Merino Laminates,Carpentry,I-5016,Drawer Channel 18 inch Telescopic,22,Pair,411.48,9052.55,INR,2026-01-24,Net 15,Balveer Kota,Partially Delivered,DEP-04,PRJ-104
PO-40764,2026-05-02,PR-30889,V-1008,KEI Industries,Electrical,I-5001,PVC Insulated Wire 2.5 sqmm (90m coil),7,Coil,1721.83,12052.8,INR,2026-05-05,Net 30,David Seshadri,Open,DEP-06,PRJ-106
PO-40765,2026-02-25,PR-30890,V-1023,Shree Cement,Road Construction Materials,I-5022,OPC 53 Grade Cement (50kg bag),42,Bag,344.67,14476.24,INR,2026-03-11,Net 45,Januja Pradhan,Closed,DEP-02,PRJ-102
PO-40766,2025-10-20,PR-30891,V-1049,Exicom Power Solutions,Batteries,I-5043,Lithium-ion Battery Pack 48V 100Ah,26,Nos,107187.29,2786869.59,INR,2025-10-30,Net 30,Hemal Chad,Closed,DEP-02,PRJ-102
PO-40767,2025-10-16,PR-30892,V-1041,Amara Raja Batteries (Amaron),Batteries,I-5043,Lithium-ion Battery Pack 48V 100Ah,19,Nos,113788.7,2161985.36,INR,2025-11-04,Net 30,Januja Pradhan,Partially Delivered,DEP-04,PRJ-104
PO-40768,2026-04-02,PR-30893,V-1036,Emmvee Solar,Solar Panels,I-5037,MC4 Connector Pair,51,Pair,89.03,4540.37,INR,2026-04-20,Net 45,Reva Viswanathan,Closed,DEP-01,PRJ-101
PO-40769,2026-03-09,PR-30894,V-1031,Waaree Energies,Solar Panels,I-5038,Combiner Box 6 in 1 out,14,Nos,6058.9,84824.63,INR,2026-03-28,Net 30,Januja Pradhan,Closed,DEP-05,PRJ-105
PO-40770,2025-12-14,PR-30895,V-1032,Adani Solar,Solar Panels,I-5038,Combiner Box 6 in 1 out,43,Nos,6033.05,259421.03,INR,2025-12-24,Net 60,Balveer Kota,Closed,DEP-01,PRJ-101
PO-40771,2025-11-09,PR-30896,V-1045,HBL Power Systems,Batteries,I-5046,Battery Rack 4-Tier MS,21,Nos,3156.2,66280.23,INR,2025-11-27,Net 45,Reva Viswanathan,Partially Delivered,DEP-06,PRJ-106
PO-40772,2026-03-05,PR-30897,V-1037,RenewSys India,Solar Panels,I-5035,Module Mounting Structure (per kW),47,kW Set,4522.07,212537.15,INR,2026-03-18,Net 45,Hemal Chad,Partially Delivered,DEP-01,PRJ-101
PO-40773,2026-04-16,PR-30898,V-1032,Adani Solar,Solar Panels,I-5034,String Inverter 50kW,9,Nos,387702.88,3489325.93,INR,2026-04-25,Net 60,Balveer Kota,Cancelled,DEP-04,PRJ-104
PO-40774,2025-11-04,PR-30899,V-1043,Su-Kam Power Systems,Batteries,I-5042,Tubular Battery 150Ah C10,36,Nos,14110.23,507968.37,INR,2025-11-16,Net 15,Januja Pradhan,Closed,DEP-03,PRJ-103
PO-40775,2025-10-28,PR-30900,V-1048,Base Corporation,Batteries,I-5042,Tubular Battery 150Ah C10,41,Nos,13675.55,560697.63,INR,2025-11-18,Net 30,David Seshadri,Closed,DEP-05,PRJ-105
PO-40776,2026-07-01,PR-30901,V-1056,Jaquar Group,Plumbing Materials,I-5054,Water Tank 1000L HDPE,12,Nos,7564.83,90778.01,INR,2026-07-22,Net 15,Balveer Kota,Partially Delivered,DEP-06,PRJ-106
PO-40777,2025-12-08,PR-30902,V-1058,Kajaria Ceramics,Plumbing Materials,I-5051,CPVC Pipe 1 inch (3m length),12,Pcs,326.31,3915.7,INR,2025-12-24,Net 60,David Seshadri,Closed,DEP-02,PRJ-102
PO-40778,2025-12-25,PR-30903,V-1039,Loom Solar,Solar Panels,I-5034,String Inverter 50kW,10,Nos,338705.56,3387055.62,INR,2026-01-04,Advance 20% + Net 30,Januja Pradhan,Partially Delivered,DEP-01,PRJ-101
PO-40779,2025-11-17,PR-30904,V-1052,Finolex Pipes,Plumbing Materials,I-5051,CPVC Pipe 1 inch (3m length),10,Pcs,335.63,3356.25,INR,2025-12-08,Net 45,Januja Pradhan,Open,DEP-03,PRJ-103
PO-40780,2025-12-26,PR-30905,V-1022,Ambuja Cements,Road Construction Materials,I-5023,TMT Steel Bar Fe500D 12mm,15,Ton,59183.37,887750.53,INR,2026-01-14,Net 15,Balveer Kota,Closed,DEP-04,PRJ-104
PO-40781,2026-05-21,PR-30906,V-1013,Archidply Industries,Carpentry,I-5016,Drawer Channel 18 inch Telescopic,11,Pair,420.41,4624.46,INR,2026-05-24,Advance 20% + Net 30,Januja Pradhan,Closed,DEP-02,PRJ-102
PO-40782,2025-10-13,PR-30907,V-1031,Waaree Energies,Solar Panels,I-5033,Solar Module 550Wp Bifacial,12,Nos,11823.15,141877.83,INR,2025-11-01,Net 30,Balveer Kota,Closed,DEP-04,PRJ-104
PO-40783,2026-07-02,PR-30908,V-1044,Okaya Power,Batteries,I-5045,VRLA SMF Battery 12V 100Ah,17,Nos,9496.26,161436.47,INR,2026-07-05,Net 15,Reva Viswanathan,Partially Delivered,DEP-04,PRJ-104
PO-40784,2025-12-16,PR-30911,V-1052,Finolex Pipes,Plumbing Materials,I-5053,Ball Valve 1 inch Brass,9,Nos,272.99,2456.94,INR,2025-12-30,Net 45,Reva Viswanathan,Partially Delivered,DEP-01,PRJ-101
PO-40785,2026-03-19,PR-30912,V-1035,Premier Energies,Solar Panels,I-5032,Solar Module 540Wp Mono PERC,9,Nos,13066.37,117597.31,INR,2026-04-05,Net 15,Januja Pradhan,Closed,DEP-01,PRJ-101
PO-40786,2025-11-29,PR-30913,V-1011,Greenply Industries,Carpentry,I-5012,Plywood 19mm BWP (8x4 ft),17,Sheet,3056.25,51956.28,INR,2025-12-10,Net 60,David Seshadri,Closed,DEP-03,PRJ-103
PO-40787,2026-05-16,PR-30914,V-1057,Hindware Homes,Plumbing Materials,I-5057,Bathroom Faucet Single Lever,52,Nos,1874.2,97458.3,INR,2026-06-05,Net 45,David Seshadri,Partially Delivered,DEP-01,PRJ-101
PO-40788,2026-05-25,PR-30916,V-1017,Hettich India,Carpentry,I-5013,Laminate Sheet 1mm (8x4 ft),27,Sheet,1207.81,32610.96,INR,2026-06-12,Net 45,Januja Pradhan,Open,DEP-05,PRJ-105
PO-40789,2025-12-31,PR-30917,V-1000,Havells India,Electrical,I-5007,Junction Box IP65,12,Nos,185.82,2229.82,INR,2026-01-20,Net 15,Hemal Chad,Closed,DEP-06,PRJ-106
PO-40790,2025-10-25,PR-30918,V-1042,Luminous Power Technologies,Batteries,I-5049,Deep Cycle Battery 200Ah,16,Nos,19471.93,311550.86,INR,2025-11-15,Advance 20% + Net 30,Januja Pradhan,Closed,DEP-01,PRJ-101
PO-40791,2026-01-04,PR-30919,V-1032,Adani Solar,Solar Panels,I-5036,DC Cable 4 sqmm Solar Grade (100m),27,Coil,3124.49,84361.14,INR,2026-01-08,Net 60,David Seshadri,Partially Delivered,DEP-05,PRJ-105
PO-40792,2026-07-14,PR-30920,V-1031,Waaree Energies,Solar Panels,I-5036,DC Cable 4 sqmm Solar Grade (100m),50,Coil,3056.03,152801.45,INR,2026-07-28,Net 30,Januja Pradhan,Closed,DEP-03,PRJ-103
PO-40793,2026-03-31,PR-30921,V-1019,Sarvottam Plywood,Carpentry,I-5020,PVC Edge Banding Tape (100m roll),16,Roll,598.46,9575.31,INR,2026-04-11,Net 15,David Seshadri,Closed,DEP-02,PRJ-102
PO-40794,2025-11-22,PR-30922,V-1022,Ambuja Cements,Road Construction Materials,I-5030,Kerb Stone Precast,30,Nos,199.1,5973.14,INR,2025-12-11,Net 15,Reva Viswanathan,Closed,DEP-05,PRJ-105
PO-40795,2026-03-11,PR-30923,V-1036,Emmvee Solar,Solar Panels,I-5035,Module Mounting Structure (per kW),11,kW Set,4757.25,52329.7,INR,2026-03-24,Net 45,Januja Pradhan,Closed,DEP-04,PRJ-104
PO-40796,2026-01-21,PR-30924,V-1022,Ambuja Cements,Road Construction Materials,I-5027,Ready Mix Concrete M25,18,Cum,5624.98,101249.71,INR,2026-02-02,Net 15,Hemal Chad,Closed,DEP-06,PRJ-106
PO-40797,2026-02-19,PR-30926,V-1005,Crompton Greaves Consumer,Electrical,I-5010,MCCB 200A,15,Nos,7483.61,112254.19,INR,2026-02-27,Advance 20% + Net 30,Hemal Chad,Cancelled,DEP-03,PRJ-103
PO-40798,2025-12-24,PR-30927,V-1058,Kajaria Ceramics,Plumbing Materials,I-5053,Ball Valve 1 inch Brass,11,Nos,267.81,2945.96,INR,2026-01-13,Net 60,Balveer Kota,Open,DEP-04,PRJ-104
PO-40799,2026-01-31,PR-30928,V-1038,Websol Energy System,Solar Panels,I-5039,Earthing Kit for Module Structure,11,Set,748.06,8228.66,INR,2026-02-05,Net 45,David Seshadri,Partially Delivered,DEP-01,PRJ-101
PO-40800,2026-02-20,PR-30929,V-1026,Tata Steel,Road Construction Materials,I-5027,Ready Mix Concrete M25,34,Cum,6067.28,206287.41,INR,2026-03-11,Net 60,Reva Viswanathan,Closed,DEP-03,PRJ-103
PO-40801,2026-07-28,PR-30930,V-1052,Finolex Pipes,Plumbing Materials,I-5052,PVC Elbow 4 inch,38,Nos,103.39,3928.86,INR,2026-08-12,Net 45,David Seshadri,Closed,DEP-03,PRJ-103
PO-40802,2025-11-09,PR-30931,V-1002,Finolex Cables,Electrical,I-5005,Modular Switch 6A,30,Nos,56.18,1685.26,INR,2025-11-29,Advance 20% + Net 30,Reva Viswanathan,Partially Delivered,DEP-04,PRJ-104
PO-40803,2026-06-08,PR-30932,V-1055,CERA Sanitaryware,Plumbing Materials,I-5054,Water Tank 1000L HDPE,8,Nos,7226.01,57808.09,INR,2026-06-20,Net 30,Hemal Chad,Closed,DEP-06,PRJ-106
PO-40804,2026-03-11,PR-30934,V-1002,Finolex Cables,Electrical,I-5004,LED Flood Light 100W,40,Nos,1934.61,77384.37,INR,2026-03-24,Advance 20% + Net 30,David Seshadri,Partially Delivered,DEP-01,PRJ-101
PO-40805,2026-01-28,PR-30935,V-1049,Exicom Power Solutions,Batteries,I-5043,Lithium-ion Battery Pack 48V 100Ah,17,Nos,108009.16,1836155.73,INR,2026-02-04,Net 30,Hemal Chad,Closed,DEP-05,PRJ-105
PO-40806,2026-05-29,PR-30937,V-1013,Archidply Industries,Carpentry,I-5013,Laminate Sheet 1mm (8x4 ft),13,Sheet,1296.21,16850.67,INR,2026-06-05,Advance 20% + Net 30,Hemal Chad,Closed,DEP-03,PRJ-103
PO-40807,2026-05-31,PR-30938,V-1005,Crompton Greaves Consumer,Electrical,I-5001,PVC Insulated Wire 2.5 sqmm (90m coil),21,Coil,1731.31,36357.51,INR,2026-06-20,Advance 20% + Net 30,Reva Viswanathan,Closed,DEP-06,PRJ-106
PO-40808,2026-06-20,PR-30939,V-1025,Dalmia Bharat Cement,Road Construction Materials,I-5027,Ready Mix Concrete M25,29,Cum,6330.07,183571.97,INR,2026-06-25,Net 60,Reva Viswanathan,Closed,DEP-04,PRJ-104
PO-40809,2026-07-30,PR-30940,V-1033,Vikram Solar,Solar Panels,I-5033,Solar Module 550Wp Bifacial,44,Nos,14314.93,629856.85,INR,2026-08-20,Advance 20% + Net 30,David Seshadri,Cancelled,DEP-02,PRJ-102
PO-40810,2026-02-17,PR-30942,V-1052,Finolex Pipes,Plumbing Materials,I-5056,Concealed Cistern with Frame,17,Set,7858.43,133593.39,INR,2026-02-25,Net 45,Balveer Kota,Closed,DEP-02,PRJ-102
PO-40811,2026-04-08,PR-30943,V-1053,Prince Pipes,Plumbing Materials,I-5054,Water Tank 1000L HDPE,14,Nos,6930.37,97025.23,INR,2026-04-23,Net 15,David Seshadri,Closed,DEP-05,PRJ-105
PO-40812,2026-07-11,PR-30944,V-1000,Havells India,Electrical,I-5007,Junction Box IP65,11,Nos,217.93,2397.24,INR,2026-07-21,Net 15,Januja Pradhan,Closed,DEP-06,PRJ-106
PO-40813,2026-05-25,PR-30945,V-1005,Crompton Greaves Consumer,Electrical,I-5008,Earthing Strip GI 25x3mm,12,Mtr,93.95,1127.34,INR,2026-05-29,Advance 20% + Net 30,Hemal Chad,Closed,DEP-03,PRJ-103
PO-40814,2026-05-23,PR-30946,V-1030,Tata Power Solar,Solar Panels,I-5037,MC4 Connector Pair,38,Pair,97.57,3707.66,INR,2026-05-26,Net 60,Balveer Kota,Closed,DEP-03,PRJ-103
PO-40815,2025-12-19,PR-30947,V-1002,Finolex Cables,Electrical,I-5002,MCB 32A Single Pole,31,Nos,133.34,4133.41,INR,2026-01-02,Advance 20% + Net 30,David Seshadri,Closed,DEP-04,PRJ-104
PO-40816,2025-10-31,PR-30949,V-1022,Ambuja Cements,Road Construction Materials,I-5031,Geotextile Fabric (roll 100m2),17,Roll,4075.63,69285.72,INR,2025-11-17,Net 15,Hemal Chad,Closed,DEP-05,PRJ-105
PO-40817,2025-09-28,PR-30950,V-1008,KEI Industries,Electrical,I-5002,MCB 32A Single Pole,11,Nos,117.3,1290.26,INR,2025-10-08,Net 30,Januja Pradhan,Closed,DEP-04,PRJ-104
